employee_id,snapshot_date,age,department,business_unit,job_title,location,base_salary,bonus_eligible,bonus_pct,equity_grant,equity_pct,employment_type,hire_date,ethnicity,marital_status,education_level,pay_frequency,veteran_status,disability_status,cost_center,fte,exemption_status,high_potential_flag,succession_plan_status,aihr_certified,promotion_count,tenure_months,performance_rating,engagement_score,risk_of_exit_score,current_salary,training_count,job_level,last_training_date,vacation_leave,sick_leave,personal_leave,parental_leave,months_since_last_training,target_variable,ever_terminated_flag,termination_date,months_since_hire,rf_prediction,rf_probability,logreg_prediction,logreg_probability,xgb_prediction,xgb_probability
10,2025-02-28,38,Customer Success,Commercial,Director,"Austin, TX",67557,0,0.0,0,0.0,Part-time,2021-02-28,Black,Single,Master,Monthly,0,0,CC1009,0.5,Exempt,0,Not in plan,0,0,48,3.130000114,65.65240479,0.326170832,78598,0,4,,1,0,1,1,99999,0,0,,48,0,0.0,0,0.1513234112892751,0,0.020828279
102,2025-03-31,35,Finance,Corporate,Senior Analyst,"Seattle, WA",95958,0,0.0,0,0.0,Full-time,2019-12-30,White,Single,Master,Monthly,0,0,CC1013,0.800000012,Exempt,0,Not in plan,0,0,63,1.769999981,37.61075974,0.702723444,101889,0,2,,0,0,0,2,99999,0,0,,63,0,0.0,0,0.4650889445562227,0,0.0010389042
111,2025-02-28,36,Product,Tech,Senior Manager,Remote,121601,1,0.144999996,1,0.039000001,Full-time,2020-09-30,White,Single,Bachelor,Monthly,0,0,CC1012,1.0,Exempt,0,Not in plan,0,0,53,2.799999952,50.50753403,0.543087006,130358,3,3,30/4/2021,0,1,0,0,46,0,0,,53,0,0.0,0,0.2574161814102648,0,0.012333306
113,2025-02-28,40,Product,Tech,Senior Director,"Seattle, WA",108325,0,0.0,1,0.0284,Full-time,2019-08-30,Black,Single,Master,Monthly,0,0,CC1003,1.0,Exempt,0,Not in plan,0,0,66,2.920000076,60.93624115,0.322116882,118003,0,2,,0,2,0,1,99999,0,0,,66,0,0.0,1,0.8358119552853608,0,0.012020725
120,2025-03-31,28,Marketing,Commercial,Senior Manager,"Austin, TX",74697,0,0.0,1,0.063600004,Full-time,2019-09-30,White,Single,Bachelor,Monthly,0,0,CC1002,1.0,Non-exempt,0,Not in plan,1,0,66,2.079999924,42.09655762,0.576976895,89968,1,1,30/7/2020,0,1,1,1,56,0,0,,66,0,0.0,0,0.2073672083349349,0,0.009277747
124,2025-03-31,36,Customer Success,Commercial,Director,Remote,75050,0,0.0,0,0.0,Full-time,2020-06-30,White,Single,Master,Monthly,0,0,CC1010,1.0,Exempt,0,Not in plan,0,0,57,2.700000048,54.16652298,0.449536622,86863,1,2,28/2/2021,0,0,1,0,49,0,0,,57,0,0.0,0,0.0198187991015889,0,0.0053703594
129,2025-03-31,36,Sales,Commercial,Manager,"Seattle, WA",97774,1,0.050999999,1,0.058200002,Full-time,2019-12-30,White,Married,Bachelor,Monthly,0,0,CC1013,1.0,Exempt,0,Not in plan,0,0,63,2.660000086,59.07379532,0.365151286,114458,1,3,30/9/2020,0,0,1,0,54,0,0,,63,0,0.01,1,0.6148573336578017,0,0.0069129844
130,2025-01-31,33,Engineering,Tech,VP,"San Francisco, CA",112941,0,0.0,1,0.0438,Full-time,2020-09-30,Asian,Widowed,Bachelor,Monthly,0,0,CC1013,1.0,Exempt,1,In plan,0,0,52,1.309999943,21.80707359,0.780529916,126398,1,3,30/7/2021,0,1,0,2,42,0,0,,52,0,0.0,0,0.2002905617470167,0,0.0008867291
131,2025-02-28,34,Sales,Commercial,Director,"New York, NY",84788,1,0.164000005,1,0.0287,Full-time,2020-06-30,Asian,Married,Bachelor,Monthly,0,0,CC1015,0.800000012,Exempt,0,Not in plan,0,0,56,3.480000019,71.45005798,0.295781404,95986,2,2,30/4/2021,0,1,0,0,46,0,0,,56,0,0.0,0,0.0385129734596685,0,0.0058727833
134,2025-02-28,39,Product,Tech,Manager,"Austin, TX",116737,1,0.097999997,0,0.0,Part-time,2019-11-30,White,Married,High School,Monthly,0,0,CC1005,1.0,Exempt,0,Not in plan,0,0,63,3.079999924,60.50824356,0.371111125,152253,0,5,,0,1,1,1,99999,0,0,,63,0,0.01,1,0.6207094313435036,0,0.0057479213
138,2025-02-28,33,Product,Tech,Senior Manager,"New York, NY",115002,0,0.0,1,0.070200004,Part-time,2019-10-30,Asian,Married,Master,Monthly,0,0,CC1019,1.0,Non-exempt,0,Not in plan,0,0,64,2.980000019,56.90730667,0.441093922,131954,1,1,30/3/2020,0,0,0,1,59,0,0,,64,0,0.0,0,0.324069961111125,0,0.0038082316
142,2025-02-28,37,Sales,Commercial,VP,"Austin, TX",86126,1,0.105999999,1,0.043099999,Full-time,2020-11-30,White,Married,Master,Monthly,0,0,CC1008,1.0,Exempt,0,Not in plan,0,0,51,1.289999962,20.29824257,0.743165314,98436,2,4,30/9/2021,1,0,0,1,41,0,0,,51,0,0.0,0,0.0388025431870625,0,0.0007263986
147,2025-01-31,24,Engineering,Tech,Manager,"Seattle, WA",130245,1,0.050999999,1,0.069700003,Full-time,2020-04-30,Asian,Married,Master,Monthly,0,0,CC1015,1.0,Non-exempt,0,Not in plan,0,0,57,3.900000095,80.56288147,0.206211075,150571,0,1,,1,1,0,1,99999,0,0,,57,0,0.0,0,0.0553649001859469,0,0.0017600082
148,2025-03-31,22,Marketing,Commercial,Senior Manager,"Seattle, WA",82160,0,0.0,1,0.0451,Full-time,2019-09-30,Hispanic,Single,High School,Monthly,0,0,CC1002,1.0,Non-exempt,0,Not in plan,0,0,66,4.349999905,87.43492889,0.101188026,100524,1,1,30/10/2019,0,1,1,0,65,0,0,,66,0,0.01,1,0.7941153952009722,0,0.051200796
149,2025-01-31,28,Finance,Corporate,Manager,"Austin, TX",82888,0,0.0,1,0.069300003,Full-time,2020-09-30,Hispanic,Single,Bachelor,Monthly,0,0,CC1008,1.0,Non-exempt,0,Not in plan,0,0,52,4.960000038,98.57901764,0.016234649,91987,0,1,,0,2,0,0,99999,0,0,,52,0,0.0,0,0.4771609208073713,0,0.0038677098
15,2025-02-28,25,Sales,Commercial,Senior Director,"San Francisco, CA",95321,1,0.151999995,1,0.038699999,Full-time,2021-04-30,Hispanic,Married,Bachelor,Monthly,0,0,CC1012,0.5,Non-exempt,1,In plan,0,0,46,1.139999986,17.80201912,0.800670505,107374,2,1,30/12/2021,0,0,0,0,38,0,0,,46,0,0.0,0,0.0071888689448159,0,0.002613183
155,2025-02-28,36,Engineering,Tech,VP,Remote,123017,1,0.074000001,1,0.016899999,Full-time,2019-06-30,White,Divorced,Bachelor,Monthly,0,0,CC1001,0.5,Non-exempt,0,Not in plan,0,0,68,4.349999905,90.79354095,0.068755172,141301,0,1,,0,0,0,0,99999,0,0,,69,0,0.0,1,0.8651303942873625,0,0.012766698
158,2025-01-31,30,Engineering,Tech,Analyst,"San Francisco, CA",102862,0,0.0,1,0.0141,Full-time,2021-01-30,White,Single,High School,Monthly,0,1,CC1008,1.0,Exempt,0,Not in plan,0,0,48,1.450000048,30.94551277,0.702618659,124934,2,2,30/4/2021,2,1,2,0,45,0,0,,48,0,0.01,0,0.0173303939684479,0,0.0018054834
159,2025-02-28,34,Finance,Corporate,VP,"Seattle, WA",102881,0,0.0,1,0.080200002,Full-time,2019-08-30,White,Single,Master,Monthly,0,0,CC1009,0.800000012,Non-exempt,0,Not in plan,0,0,66,3.720000029,76.88724518,0.217046782,124167,0,1,,0,0,0,0,99999,0,0,,66,0,0.0,1,0.6025203004044312,0,0.0094519695
160,2025-02-28,42,Finance,Corporate,Senior Analyst,"Austin, TX",74986,0,0.0,1,0.0792,Full-time,2020-06-30,White,Single,Bachelor,Monthly,0,0,CC1004,1.0,Exempt,0,Not in plan,0,0,56,4.239999771,91.53979492,0.081279695,85800,1,2,30/8/2020,1,1,1,0,54,0,0,,56,0,0.0,1,0.9448606028480953,0,0.0047770105
162,2025-02-28,34,HR,Corporate,Senior Analyst,"Austin, TX",76143,0,0.0,1,0.0174,Contractor,2021-01-30,Asian,Single,Bachelor,Monthly,0,0,CC1016,1.0,Exempt,0,Not in plan,0,0,49,3.220000029,56.65679169,0.42794317,83720,0,2,,0,1,1,0,99999,0,0,,49,0,0.0,1,0.7895096583299849,0,0.031610847
174,2025-01-31,32,Engineering,Tech,Senior Manager,"Austin, TX",120474,0,0.0,0,0.0,Full-time,2020-04-30,White,Single,Bachelor,Monthly,0,0,CC1015,1.0,Exempt,0,Not in plan,0,0,57,4.409999847,88.68138885,0.057579987,132209,0,3,,0,0,0,0,99999,0,0,,57,0,0.0,0,0.1180419845003787,0,0.00084988755
176,2025-02-28,35,Engineering,Tech,Analyst,"Austin, TX",115567,1,0.159999996,1,0.062600002,Contractor,2020-09-30,Hispanic,Married,Associate,Monthly,0,0,CC1012,1.0,Non-exempt,0,Not in plan,0,0,53,1.0,29.346241,0.734607875,131769,1,1,30/11/2020,0,1,0,0,51,0,0,,53,0,0.0,0,0.058743091539238,0,0.00031098563
178,2025-03-31,38,Customer Success,Commercial,VP,"Seattle, WA",56498,0,0.0,0,0.0,Contractor,2020-09-30,White,Single,Master,Monthly,0,0,CC1008,1.0,Exempt,1,In plan,0,0,54,4.659999847,93.3420639,0.059330139,64882,0,2,,0,1,0,0,99999,0,0,,54,0,0.0,0,4.782239347285361e-05,0,7.004669e-05
183,2025-02-28,30,Sales,Commercial,VP,"New York, NY",88124,1,0.191,1,0.079800002,Full-time,2019-05-30,Hispanic,Single,Bachelor,Monthly,0,0,CC1011,1.0,Exempt,0,Not in plan,0,0,69,5.0,99.22345734,0.01125736,97448,1,3,29/2/2020,1,0,0,0,60,0,0,,70,0,0.0,0,0.2061905477212456,0,0.024209762
184,2025-03-31,34,Marketing,Commercial,Senior Director,"San Francisco, CA",88735,0,0.0,1,0.047699999,Full-time,2020-11-30,Black,Married,Bachelor,Monthly,0,0,CC1006,0.800000012,Exempt,0,Not in plan,1,0,52,2.819999933,53.37596512,0.510427356,97206,1,2,30/8/2021,1,0,2,0,43,0,0,,52,0,0.02,0,0.2502133035607743,0,0.003754429
185,2025-01-31,22,Product,Tech,Manager,"San Francisco, CA",111184,0,0.0,0,0.0,Full-time,2020-12-30,Hispanic,Married,Bachelor,Monthly,0,0,CC1009,1.0,Exempt,1,In plan,0,0,49,1.00999999,20.72312737,0.78852278,124426,0,3,,1,0,0,0,99999,0,0,,49,0,0.0,0,0.0032271124384535,0,0.002671062
187,2025-03-31,41,Engineering,Tech,Analyst,"San Francisco, CA",114029,0,0.0,1,0.048500001,Full-time,2020-03-30,Black,Single,Bachelor,Monthly,0,0,CC1018,1.0,Non-exempt,0,Not in plan,0,1,60,3.400000095,57.90533829,0.385139525,134185,0,2,,0,0,1,1,99999,0,0,,60,0,0.0,1,0.8363759254329083,0,0.003754941
19,2025-02-28,43,Operations,Corporate,VP,Remote,67995,0,0.0,0,0.0,Full-time,2020-04-30,White,Divorced,Bachelor,Monthly,0,0,CC1000,1.0,Exempt,0,Not in plan,0,0,58,1.99000001,42.13025284,0.652895987,82184,0,2,,1,0,2,2,99999,0,0,,58,0,0.03,1,0.7163767837911106,0,0.05655724
190,2025-03-31,34,Finance,Corporate,Director,"New York, NY",95984,0,0.0,1,0.0231,Contractor,2020-04-30,White,Married,Bachelor,Monthly,0,0,CC1000,1.0,Exempt,0,Not in plan,0,0,59,4.150000095,86.54671478,0.141092926,116690,2,2,30/9/2020,0,2,1,0,54,0,0,,59,0,0.03,0,0.3013151696104302,0,0.03894992
197,2025-01-31,38,Marketing,Commercial,Senior Analyst,"San Francisco, CA",84347,0,0.0,1,0.0973,Full-time,2019-06-30,White,Married,Bachelor,Monthly,0,0,CC1011,1.0,Non-exempt,0,Not in plan,0,0,67,1.940000057,41.55468369,0.627127707,101700,1,1,30/10/2019,1,0,0,1,63,0,0,,68,0,0.0,1,0.6135665931331461,0,0.00721862
198,2025-01-31,28,Sales,Commercial,Senior Analyst,"San Francisco, CA",107392,0,0.0,1,0.0359,Full-time,2020-01-30,White,Married,Bachelor,Monthly,0,1,CC1005,1.0,Exempt,0,Not in plan,0,0,60,2.160000086,43.64622116,0.595003366,122561,0,2,,1,1,0,0,99999,0,0,,60,0,0.0,0,0.0976899948911628,0,0.0070485272
202,2025-03-31,25,Engineering,Tech,Analyst,"New York, NY",132647,0,0.0,0,0.0,Contractor,2019-11-30,White,Single,Bachelor,Monthly,0,0,CC1015,1.0,Exempt,0,Not in plan,0,0,64,3.549999952,62.73350525,0.370010287,161147,1,3,30/9/2020,0,0,0,0,54,0,0,,64,0,0.02,0,0.0117015657856574,0,0.00051200966
206,2025-01-31,28,Marketing,Commercial,VP,Remote,79723,1,0.074000001,1,0.083999999,Full-time,2021-02-28,Asian,Married,Master,Monthly,0,0,CC1013,1.0,Exempt,0,Not in plan,0,0,47,3.109999895,68.21907806,0.346920371,86248,1,2,28/7/2021,1,1,0,0,42,0,0,,47,0,0.0,0,0.1664654323187535,0,0.035535358
207,2025-02-28,24,Product,Tech,Senior Director,"New York, NY",109326,0,0.0,1,0.021199999,Contractor,2021-01-30,White,Married,Associate,Monthly,0,1,CC1019,1.0,Exempt,0,Not in plan,1,0,49,2.630000114,57.44503784,0.412932992,121647,1,2,30/9/2021,3,2,1,0,41,0,0,,49,0,0.01,0,0.0117593437624363,0,0.009499311
208,2025-01-31,41,Support,Tech,VP,"San Francisco, CA",54823,0,0.0,0,0.0,Full-time,2021-04-30,White,Single,PhD,Monthly,0,0,CC1012,1.0,Exempt,0,Not in plan,0,0,45,2.730000019,46.95426941,0.510843575,60021,0,4,,1,1,1,1,99999,0,0,,45,0,0.0,1,0.907739470059593,0,0.032058258
212,2025-02-28,30,Product,Tech,Senior Director,"Seattle, WA",120154,1,0.159999996,1,0.0144,Full-time,2021-02-28,Asian,Single,Bachelor,Monthly,0,0,CC1005,0.800000012,Non-exempt,0,Not in plan,0,0,48,4.039999962,85.43656921,0.205251187,140009,1,1,28/3/2021,1,0,0,2,47,0,0,,48,0,0.02,0,0.0845408670728782,0,0.005430638
216,2025-03-31,30,Sales,Commercial,VP,Remote,91379,0,0.0,1,0.0196,Full-time,2020-04-30,White,Married,Associate,Monthly,0,0,CC1004,0.800000012,Exempt,0,Not in plan,0,0,59,2.970000029,62.43914795,0.366029769,101130,0,2,,1,0,3,0,99999,0,0,,59,0,0.01,1,0.6449326390354486,0,0.05019949
218,2025-03-31,37,Finance,Corporate,Senior Director,"Seattle, WA",59109,0,0.0,0,0.0,Full-time,2020-11-30,Black,Divorced,High School,Monthly,0,0,CC1006,0.5,Exempt,0,Not in plan,0,0,52,2.019999981,43.2436409,0.593564987,69876,2,4,28/2/2021,0,0,0,1,49,0,0,,52,0,0.02,0,0.0038437866468224,0,0.000845946
22,2025-01-31,36,Engineering,Tech,VP,"Seattle, WA",125932,0,0.0,1,0.0568,Part-time,2020-03-30,White,Married,Master,Monthly,0,0,CC1014,1.0,Non-exempt,0,Not in plan,0,0,58,1.129999995,24.84301949,0.780326188,147504,4,1,30/5/2020,1,2,0,0,56,0,0,,58,0,0.01,0,0.3711493546228149,0,0.01290636
221,2025-02-28,34,Product,Tech,Senior Manager,"San Francisco, CA",103115,1,0.200000003,1,0.035599999,Contractor,2020-07-30,Other,Married,Bachelor,Monthly,0,0,CC1004,0.800000012,Non-exempt,0,Not in plan,0,0,55,2.809999943,58.63441086,0.377179325,122186,1,1,30/4/2021,0,2,1,1,46,0,0,,55,0,0.0,0,0.3203968338375518,0,0.039576694
223,2025-03-31,25,Engineering,Tech,Manager,Remote,128106,0,0.0,0,0.0,Contractor,2021-02-28,Hispanic,Single,PhD,Monthly,0,0,CC1006,1.0,Exempt,0,Not in plan,0,0,49,2.890000105,51.98565292,0.489912301,140552,1,2,28/4/2021,1,1,0,1,47,0,0,,49,0,0.0,0,0.0857925102094247,0,0.011716452
230,2025-03-31,25,Sales,Commercial,Director,Remote,86220,1,0.089000002,0,0.0,Full-time,2020-07-30,Asian,Married,Bachelor,Monthly,0,0,CC1006,1.0,Exempt,0,Not in plan,0,0,56,3.25999999,59.73690796,0.40431872,90430,0,2,,1,0,1,0,99999,0,0,,56,0,0.02,1,0.7324668966184925,0,0.036373742
234,2025-02-28,42,Sales,Commercial,VP,"Seattle, WA",99920,1,0.171000004,0,0.0,Full-time,2021-04-30,Other,Single,Associate,Monthly,0,0,CC1013,1.0,Non-exempt,0,Not in plan,1,0,46,3.849999905,74.75143433,0.287702739,112542,0,1,,0,1,0,1,99999,0,0,,46,0,0.0,0,0.478615940103502,0,0.019113919
245,2025-01-31,45,Customer Success,Commercial,Director,"Seattle, WA",72136,0,0.0,1,0.0517,Full-time,2019-09-30,Asian,Single,Bachelor,Monthly,0,0,CC1014,0.5,Exempt,0,Not in plan,0,0,64,1.679999948,33.47586441,0.697010756,87090,1,2,30/11/2019,1,1,0,1,62,0,0,,65,0,0.01,1,0.8662279252830356,0,0.02289088
249,2025-03-31,45,Sales,Commercial,VP,"Austin, TX",83429,1,0.135000005,0,0.0,Contractor,2020-11-30,White,Married,Master,Monthly,0,0,CC1011,1.0,Exempt,0,Not in plan,0,0,52,3.980000019,74.0267868,0.227564052,95996,1,5,30/7/2021,0,0,1,0,44,0,0,,52,0,0.03,1,0.8079734935762699,0,0.0040735663
268,2025-01-31,39,Sales,Commercial,Senior Analyst,Remote,85917,1,0.104999997,1,0.0243,Contractor,2021-03-30,White,Single,Associate,Monthly,0,0,CC1018,0.800000012,Non-exempt,0,Not in plan,0,0,46,2.369999886,52.07791138,0.45260042,98133,1,1,30/10/2021,0,0,0,0,39,0,0,,46,0,0.0,0,0.3553529838517528,0,0.01824029
270,2025-02-28,42,Engineering,Tech,Senior Manager,"New York, NY",121398,1,0.126000002,1,0.0911,Contractor,2020-09-30,Asian,Married,Master,Monthly,0,1,CC1017,1.0,Exempt,0,Not in plan,0,0,53,2.609999895,49.74620438,0.471691698,140123,0,4,,0,2,1,0,99999,0,0,,53,0,0.0,0,0.2981845593420761,0,0.011479674
273,2025-03-31,22,Operations,Corporate,VP,"Austin, TX",75216,0,0.0,0,0.0,Part-time,2020-01-30,Asian,Single,Associate,Monthly,0,0,CC1011,1.0,Exempt,0,Not in plan,0,0,62,2.269999981,45.05341721,0.573198855,91681,1,2,30/3/2020,0,0,1,1,60,0,0,,62,0,0.0,0,0.1225874058863647,0,0.011530741
276,2025-02-28,31,Finance,Corporate,Analyst,"San Francisco, CA",90469,0,0.0,1,0.0757,Full-time,2019-09-30,Black,Married,Master,Monthly,0,0,CC1008,1.0,Exempt,0,Not in plan,0,0,65,1.080000043,20.98023224,0.840140581,108765,0,2,,0,1,0,1,99999,0,0,,65,0,0.0,0,0.2981800240166724,0,0.0019039288
278,2025-01-31,45,Marketing,Commercial,Senior Analyst,"Austin, TX",79082,0,0.0,1,0.031300001,Part-time,2019-10-30,Hispanic,Single,PhD,Monthly,0,0,CC1006,1.0,Non-exempt,0,Not in plan,0,0,63,2.430000067,59.74946976,0.394326776,99658,1,1,30/5/2020,1,0,0,1,56,0,0,,64,0,0.02,0,0.4613235338403662,0,0.005785359
28,2025-02-28,35,Customer Success,Commercial,Senior Director,"Austin, TX",81962,1,0.122000001,1,0.0147,Full-time,2020-11-30,Hispanic,Single,PhD,Monthly,0,0,CC1000,1.0,Exempt,1,In plan,0,0,51,4.789999962,100.0,0.0,97878,1,3,28/2/2021,2,0,1,2,48,0,0,,51,0,0.0,0,2.2050875211631637e-05,0,0.0011856552
283,2025-03-31,31,Product,Tech,Analyst,"Austin, TX",101803,0,0.0,1,0.0605,Full-time,2020-12-30,White,Single,Master,Monthly,0,0,CC1013,1.0,Exempt,0,Not in plan,0,0,51,2.680000067,55.6100235,0.428445429,115605,1,4,28/2/2021,2,0,1,1,49,0,0,,51,0,0.0,0,0.0914287979984743,0,0.024980012
284,2025-02-28,25,Sales,Commercial,Manager,"New York, NY",91220,0,0.0,1,0.059700001,Full-time,2019-05-30,Hispanic,Married,Bachelor,Monthly,0,0,CC1005,1.0,Exempt,0,Not in plan,0,0,69,1.789999962,40.2449646,0.61547178,104422,0,2,,1,3,1,1,99999,0,0,,70,0,0.0,1,0.8081919867855235,0,0.018781641
290,2025-02-28,26,Finance,Corporate,Senior Director,"Austin, TX",94088,0,0.0,1,0.070299998,Contractor,2020-03-30,Hispanic,Married,Bachelor,Monthly,0,0,CC1018,1.0,Non-exempt,0,Not in plan,0,0,59,4.769999981,100.0,0.036413185,113236,0,1,,0,1,0,0,99999,0,0,,59,0,0.0,1,0.6611179104775264,0,0.07420139
293,2025-02-28,22,Engineering,Tech,VP,"Seattle, WA",111901,1,0.181999996,0,0.0,Contractor,2020-11-30,White,Divorced,Master,Monthly,0,0,CC1017,1.0,Exempt,0,Not in plan,0,0,51,1.559999943,37.40466309,0.585891366,127264,2,2,30/3/2021,1,0,0,1,47,0,0,,51,0,0.0,0,0.0993829515873044,0,0.00086512865
3,2025-01-31,34,Sales,Commercial,Director,"San Francisco, CA",93771,0,0.0,1,0.027899999,Full-time,2020-09-30,White,Married,Bachelor,Monthly,0,0,CC1006,1.0,Non-exempt,0,Not in plan,0,0,52,3.809999943,78.26452637,0.266886055,102183,1,1,30/4/2021,0,0,1,0,45,0,0,,52,0,0.01,0,0.3277381667371715,0,0.012112509
300,2025-01-31,31,Customer Success,Commercial,Senior Director,Remote,75980,0,0.0,1,0.094099998,Full-time,2020-11-30,Black,Single,Master,Monthly,0,0,CC1014,1.0,Exempt,1,In plan,0,0,50,4.349999905,86.90300751,0.114048071,86287,1,2,30/5/2021,2,0,0,0,44,0,0,,50,0,0.0,0,0.0004831597958799,0,0.0002119878
303,2025-03-31,34,Finance,Corporate,Analyst,Remote,93471,0,0.0,1,0.065200001,Full-time,2021-04-30,Asian,Married,Bachelor,Monthly,0,0,CC1018,1.0,Exempt,0,Not in plan,0,0,47,3.089999914,65.98526001,0.329420477,105125,1,2,30/9/2021,0,0,1,2,42,0,0,,47,0,0.01,1,0.6996833272853256,0,0.023557512
307,2025-03-31,25,Engineering,Tech,Manager,"Seattle, WA",103553,0,0.0,1,0.088399999,Full-time,2021-05-31,Asian,Single,Bachelor,Monthly,0,0,CC1016,1.0,Exempt,0,Not in plan,0,0,46,2.680000067,48.79996109,0.478167087,115664,1,3,31/7/2021,2,0,0,0,44,0,0,,46,0,0.01,0,0.1453121955175123,0,0.084196284
310,2025-03-31,38,Sales,Commercial,Senior Analyst,"Seattle, WA",100005,1,0.184,1,0.070200004,Full-time,2021-05-31,Hispanic,Single,Master,Monthly,0,0,CC1003,0.800000012,Non-exempt,0,Not in plan,1,0,46,2.799999952,58.69639206,0.448435336,114402,3,1,31/8/2021,0,0,0,1,43,0,0,,46,0,0.01,0,0.4164923852104042,0,0.008430637
313,2025-03-31,23,Customer Success,Commercial,Director,"San Francisco, CA",79932,0,0.0,0,0.0,Full-time,2021-06-30,Other,Divorced,Bachelor,Monthly,0,0,CC1000,1.0,Exempt,0,Not in plan,1,0,45,1.169999957,16.97445107,0.788644969,89878,1,3,30/3/2022,1,0,0,3,36,0,0,,45,0,0.01,1,0.6659744200521925,0,0.015048573
314,2025-01-31,42,Sales,Commercial,Director,"Austin, TX",95985,1,0.144999996,1,0.095399998,Full-time,2021-06-30,Other,Single,Bachelor,Monthly,0,0,CC1001,1.0,Non-exempt,0,Not in plan,0,0,43,2.069999933,31.23158646,0.741248071,102297,0,1,,1,0,0,1,99999,0,0,,43,0,0.01,0,0.1811857533262538,0,0.0043660435
315,2025-01-31,39,Operations,Corporate,Senior Manager,"New York, NY",70406,0,0.0,1,0.069499999,Contractor,2021-06-30,White,Single,Master,Monthly,0,0,CC1005,1.0,Non-exempt,0,Not in plan,0,0,43,2.430000067,41.86558151,0.657758415,77005,1,1,30/7/2021,1,0,0,0,42,0,0,,43,0,0.0,0,0.4000506713707104,0,0.0042366576
317,2025-03-31,37,Operations,Corporate,Senior Director,"San Francisco, CA",79358,0,0.0,0,0.0,Full-time,2021-06-30,Black,Single,Bachelor,Monthly,0,0,CC1016,0.800000012,Non-exempt,0,Not in plan,0,0,45,4.400000095,89.92410278,0.11014726,88004,1,1,30/5/2022,1,0,0,0,34,0,0,,45,0,0.0,0,0.4095500573140439,0,0.03826422
320,2025-03-31,36,Sales,Commercial,Manager,"New York, NY",94458,1,0.159999996,0,0.0,Full-time,2021-07-31,Hispanic,Married,Bachelor,Monthly,0,0,CC1014,1.0,Non-exempt,0,Not in plan,0,0,44,2.900000095,62.47748947,0.431654602,106933,1,1,31/12/2021,1,0,0,0,39,0,0,,44,0,0.0,0,0.1639505564831152,0,0.042891007
321,2025-01-31,42,Customer Success,Commercial,VP,"Seattle, WA",61107,0,0.0,1,0.092200004,Full-time,2021-07-31,White,Divorced,High School,Monthly,0,0,CC1015,1.0,Exempt,0,Not in plan,0,0,42,2.059999943,42.91154861,0.56303221,70264,1,2,30/6/2022,1,0,0,1,31,0,0,,42,0,0.0,0,0.2355748249793587,0,0.0016701436
328,2025-01-31,28,Engineering,Tech,Analyst,Remote,115276,0,0.0,1,0.050500002,Full-time,2021-09-30,White,Married,Bachelor,Monthly,0,0,CC1009,1.0,Exempt,0,Not in plan,0,0,40,2.5,53.77775955,0.463912338,127088,1,2,30/11/2021,1,0,1,1,38,0,0,,40,0,0.0,1,0.6354565431265984,0,0.043928534
330,2025-02-28,35,Support,Tech,Senior Manager,"San Francisco, CA",64449,0,0.0,1,0.094099998,Full-time,2021-09-30,White,Married,Master,Monthly,0,0,CC1001,0.5,Exempt,0,Not in plan,0,0,41,2.74000001,60.35118866,0.344707996,72309,0,3,,0,2,0,0,99999,0,0,,41,0,0.03,0,0.3143481195919104,0,0.00364479
333,2025-02-28,36,Product,Tech,VP,"San Francisco, CA",118134,0,0.0,1,0.028200001,Contractor,2021-10-31,Asian,Single,Bachelor,Monthly,0,0,CC1005,1.0,Exempt,0,Not in plan,0,0,40,1.460000038,29.58817101,0.656882167,134120,0,2,,1,0,0,0,99999,0,0,,40,0,0.01,1,0.6017603446366567,0,0.07659225
334,2025-01-31,32,Marketing,Commercial,Analyst,"Seattle, WA",67951,0,0.0,1,0.0231,Full-time,2021-10-31,White,Married,High School,Monthly,0,0,CC1016,1.0,Exempt,0,Not in plan,0,0,39,2.849999905,53.37259674,0.450638592,73818,2,3,31/7/2022,0,0,1,0,30,0,0,,39,0,0.0,0,0.1158712922513362,0,0.011145007
335,2025-03-31,23,Sales,Commercial,Manager,"New York, NY",79957,0,0.0,0,0.0,Full-time,2021-10-31,Hispanic,Single,PhD,Monthly,0,0,CC1018,1.0,Exempt,0,Not in plan,0,0,41,4.349999905,85.09062958,0.158262745,85251,0,2,,1,0,0,0,99999,0,0,,41,0,0.0,1,0.7934353892952104,0,0.061846595
336,2025-02-28,36,Marketing,Commercial,Manager,Remote,77906,0,0.0,1,0.064599998,Full-time,2021-10-31,White,Married,Bachelor,Monthly,0,0,CC1001,1.0,Exempt,0,Not in plan,0,0,40,5.0,94.4567337,0.055600386,86192,1,4,31/1/2022,1,0,1,1,37,0,0,,40,0,0.0,0,0.0714102588582976,0,0.01940674
341,2025-02-28,40,Sales,Commercial,Senior Manager,"New York, NY",83218,1,0.135000005,1,0.0546,Full-time,2021-11-30,Hispanic,Married,Master,Monthly,0,0,CC1019,1.0,Exempt,1,In plan,0,0,39,1.0,28.92033577,0.71845758,94316,1,3,28/2/2022,1,0,1,0,36,0,0,,39,0,0.01,0,0.0002112445945981,0,0.00038642224
343,2025-03-31,45,Marketing,Commercial,VP,"New York, NY",74820,1,0.170000002,1,0.041700002,Full-time,2021-11-30,White,Single,Associate,Monthly,0,0,CC1009,1.0,Exempt,0,Not in plan,1,0,40,4.360000134,88.27615356,0.09104269,83853,2,4,30/8/2022,1,0,0,2,31,0,0,,40,0,0.0,0,0.048184346715056,0,0.003017555
352,2025-01-31,22,Customer Success,Commercial,VP,"San Francisco, CA",72118,0,0.0,1,0.077100001,Full-time,2021-12-31,White,Married,Bachelor,Monthly,0,0,CC1018,1.0,Exempt,0,Not in plan,0,0,37,1.960000038,36.77584839,0.597006321,78466,1,3,31/5/2022,1,0,0,0,32,0,0,,37,0,0.01,1,0.8508390507493077,0,0.018057378
359,2025-02-28,27,Customer Success,Commercial,Senior Analyst,"Seattle, WA",63982,0,0.0,1,0.036699999,Full-time,2022-01-31,Hispanic,Single,Bachelor,Monthly,0,0,CC1013,0.800000012,Exempt,0,Not in plan,0,0,37,2.50999999,60.11174774,0.374068499,69567,1,2,31/7/2022,0,0,0,1,31,0,0,,37,0,0.0,0,0.0796366693411844,0,0.03573336
36,2025-03-31,36,Customer Success,Commercial,Director,"New York, NY",76090,0,0.0,1,0.063100003,Full-time,2020-01-30,White,Married,Bachelor,Monthly,0,0,CC1019,0.5,Exempt,0,Not in plan,0,0,62,2.559999943,49.28503418,0.51398921,85715,2,4,29/2/2020,0,0,1,2,61,0,0,,62,0,0.0,0,0.0036718455759364,0,0.0058084354
362,2025-03-31,36,Product,Tech,Senior Analyst,"New York, NY",119913,0,0.0,1,0.0735,Full-time,2022-02-28,White,Single,Bachelor,Monthly,0,0,CC1005,0.800000012,Non-exempt,1,In plan,0,0,37,2.940000057,64.26678467,0.366118103,131405,2,1,28/12/2022,1,1,0,0,27,0,0,,37,0,0.01,0,4.705218902397e-05,0,0.001117881
365,2025-03-31,22,Support,Tech,Manager,"Seattle, WA",74767,0,0.0,1,0.034600001,Contractor,2022-02-28,Asian,Married,PhD,Monthly,0,0,CC1019,1.0,Exempt,1,In plan,0,0,37,3.799999952,84.10778046,0.201841742,83697,0,3,,0,1,0,0,99999,0,0,,37,0,0.0,0,6.962805453318408e-05,0,0.00024698785
368,2025-03-31,35,Finance,Corporate,Manager,Remote,95331,0,0.0,1,0.076200001,Full-time,2022-02-28,White,Single,Bachelor,Monthly,0,0,CC1005,1.0,Non-exempt,1,In plan,0,0,37,1.389999986,33.85122681,0.674318433,102070,0,1,,2,1,1,0,99999,0,0,,37,0,0.0,0,8.9937792128651e-05,0,0.00090645166
369,2025-03-31,46,Marketing,Commercial,Senior Analyst,"Austin, TX",78021,0,0.0,0,0.0,Full-time,2022-02-28,Asian,Married,PhD,Monthly,0,0,CC1001,1.0,Non-exempt,0,Not in plan,0,0,37,3.460000038,69.64310455,0.277179778,84966,1,1,28/5/2022,1,0,1,0,34,0,0,,37,0,0.05,0,0.1022093503515537,0,0.030590314
37,2025-03-31,24,Engineering,Tech,Senior Manager,"San Francisco, CA",128919,0,0.0,1,0.071500003,Full-time,2019-11-30,White,Married,Bachelor,Monthly,0,0,CC1005,0.800000012,Exempt,0,Not in plan,1,0,64,4.079999924,78.10189056,0.21207729,137800,0,3,,2,1,1,1,99999,0,0,,64,0,0.01,1,0.6569006725877332,0,0.019023597
371,2025-03-31,27,Engineering,Tech,Senior Director,"New York, NY",117436,0,0.0,1,0.0146,Full-time,2022-03-31,Black,Married,Associate,Monthly,0,0,CC1003,1.0,Non-exempt,0,Not in plan,0,0,36,1.0,25.48999405,0.767390668,130769,0,1,,0,2,2,0,99999,0,0,,36,0,0.0,1,0.656664543031178,0,0.007880855
376,2025-03-31,34,Engineering,Tech,VP,"Seattle, WA",131261,1,0.157000005,0,0.0,Full-time,2022-04-30,Hispanic,Single,Bachelor,Monthly,0,0,CC1017,1.0,Exempt,0,Not in plan,0,0,35,3.380000114,73.40770721,0.257801503,143822,0,2,,0,1,0,0,99999,0,0,,35,0,0.0,1,0.9083898752011396,0,0.038120802
377,2025-02-28,35,Customer Success,Commercial,Senior Analyst,"Seattle, WA",65449,0,0.0,1,0.097000003,Full-time,2022-04-30,Black,Single,Associate,Monthly,0,0,CC1011,1.0,Non-exempt,0,Not in plan,0,0,34,4.46999979,90.68783569,0.114441395,68107,2,1,30/7/2022,0,1,1,1,31,0,0,,34,0,0.01,0,0.4836115228235775,0,0.0057213427
379,2025-01-31,42,Sales,Commercial,Senior Manager,"Seattle, WA",116757,1,0.108999997,1,0.094400004,Full-time,2022-05-31,White,Single,Bachelor,Monthly,0,1,CC1008,0.800000012,Non-exempt,0,Not in plan,1,0,32,3.609999895,70.62675476,0.29171437,125119,1,1,30/6/2022,1,0,0,0,31,0,0,,32,0,0.0,0,0.1082666426387301,0,0.0002690204
38,2025-03-31,22,Marketing,Commercial,Senior Manager,Remote,69763,1,0.064000003,1,0.016100001,Full-time,2020-11-30,Asian,Divorced,Bachelor,Monthly,0,0,CC1014,0.5,Non-exempt,0,Not in plan,0,0,52,1.350000024,29.78979683,0.749945223,79256,0,1,,0,2,0,0,99999,0,0,,52,0,0.0,1,0.8097812457807455,0,0.010274923
381,2025-03-31,35,Sales,Commercial,Senior Analyst,"Austin, TX",98830,0,0.0,1,0.099600002,Full-time,2022-05-31,Hispanic,Married,Bachelor,Monthly,0,0,CC1018,0.800000012,Non-exempt,0,Not in plan,0,0,34,2.809999943,56.88317108,0.40505752,107932,3,1,31/12/2022,0,2,0,0,27,0,0,,34,0,0.02,0,0.1001505595390917,0,0.002339971
383,2025-02-28,42,Finance,Corporate,Manager,"Seattle, WA",87463,0,0.0,0,0.0,Full-time,2022-05-31,Black,Married,Associate,Monthly,0,0,CC1015,0.800000012,Exempt,0,Not in plan,0,0,33,2.190000057,43.75106812,0.563884795,92611,0,4,,0,0,0,1,99999,0,0,,33,0,0.0,0,0.0118914983859872,0,0.017721932
385,2025-02-28,29,Marketing,Commercial,VP,Remote,77386,0,0.0,1,0.017200001,Full-time,2022-05-31,Hispanic,Single,Bachelor,Monthly,0,0,CC1017,1.0,Exempt,0,Not in plan,0,0,33,2.819999933,55.42638016,0.44871974,83565,1,2,31/1/2023,1,0,0,0,25,0,0,,33,0,0.0,1,0.9229540829472248,0,0.06745981
392,2025-03-31,37,Customer Success,Commercial,Director,"San Francisco, CA",67937,0,0.0,1,0.068099998,Full-time,2022-06-30,Black,Single,Bachelor,Monthly,0,0,CC1019,1.0,Non-exempt,1,In plan,0,0,33,3.279999971,62.02392578,0.316483915,73100,0,1,,0,3,0,0,99999,0,0,,33,0,0.0,0,0.0001092185133121,0,0.0003839526
393,2025-02-28,33,Engineering,Tech,Senior Manager,"Austin, TX",134558,0,0.0,1,0.043000001,Full-time,2022-06-30,Hispanic,Married,Master,Monthly,0,0,CC1016,1.0,Exempt,0,Not in plan,0,0,32,1.649999976,30.99083328,0.71007967,147945,1,2,30/9/2022,0,0,0,0,29,0,0,,32,0,0.01,1,0.7881575421909164,0,0.015291449
394,2025-02-28,34,HR,Corporate,Senior Director,"Seattle, WA",83436,0,0.0,1,0.0449,Full-time,2022-06-30,White,Married,Master,Monthly,0,0,CC1008,1.0,Exempt,1,In plan,0,0,32,2.549999952,44.24847412,0.620285749,87862,1,2,30/11/2022,0,0,0,0,27,0,0,,32,0,0.0,0,0.0011176066731748,0,0.00037308643
395,2025-02-28,39,Finance,Corporate,Manager,"New York, NY",76787,1,0.081,1,0.025,Full-time,2022-06-30,White,Divorced,Bachelor,Monthly,0,0,CC1012,0.5,Non-exempt,0,Not in plan,0,0,32,4.179999828,83.00139618,0.186724499,83044,0,1,,1,1,0,0,99999,0,0,,32,0,0.01,0,0.3932635960163771,0,0.07104325
396,2025-03-31,30,HR,Corporate,Analyst,"New York, NY",91870,0,0.0,1,0.087399997,Full-time,2022-06-30,White,Married,Master,Monthly,0,0,CC1006,1.0,Exempt,0,Not in plan,0,0,33,2.619999886,55.72582626,0.447475702,97883,0,2,,1,0,0,0,99999,0,0,,33,0,0.0,0,0.1750005750127949,0,0.0028466673
40,2025-01-31,42,Customer Success,Commercial,Analyst,Remote,74823,0,0.0,1,0.0146,Full-time,2020-07-30,Hispanic,Married,PhD,Monthly,0,0,CC1006,1.0,Exempt,0,Not in plan,0,0,54,1.600000024,42.55695343,0.582515717,87753,4,2,28/2/2021,0,0,1,0,47,0,0,,54,0,0.0,0,0.0244940008651827,0,0.013923233
401,2025-03-31,22,Finance,Corporate,Senior Director,"San Francisco, CA",82283,0,0.0,1,0.0152,Full-time,2022-07-31,Asian,Single,Bachelor,Monthly,0,0,CC1015,1.0,Exempt,0,Not in plan,0,0,32,4.139999866,77.07540131,0.265740216,87125,1,2,31/10/2022,1,0,0,1,29,0,0,,32,0,0.0,0,0.0058734522781534,0,0.00072982773
405,2025-03-31,48,Product,Tech,Senior Director,"Seattle, WA",98519,0,0.0,1,0.0145,Full-time,2022-08-31,Asian,Single,Bachelor,Monthly,0,0,CC1016,0.800000012,Exempt,1,In plan,0,0,31,3.410000086,66.41934967,0.35049367,102561,1,2,30/6/2023,0,0,0,0,21,0,0,,31,0,0.0,0,0.0140908123455202,0,0.003053372
408,2025-01-31,33,Engineering,Tech,Senior Director,"Austin, TX",148373,0,0.0,1,0.077500001,Full-time,2022-08-31,Hispanic,Married,Bachelor,Monthly,0,0,CC1002,1.0,Non-exempt,0,Not in plan,0,0,29,3.099999905,63.20923996,0.418243349,164082,2,1,28/2/2023,2,1,1,0,23,0,0,,29,0,0.01,0,0.0117241762000863,0,0.012891861
411,2025-01-31,24,Finance,Corporate,VP,"New York, NY",77109,0,0.0,1,0.015,Full-time,2022-08-31,White,Married,Bachelor,Monthly,0,0,CC1019,0.5,Exempt,0,Not in plan,0,0,29,4.400000095,85.56138611,0.115977466,83418,1,4,30/9/2022,0,2,0,1,28,0,0,,29,0,0.0,0,0.1461971683306821,0,0.015138326
414,2025-03-31,35,Finance,Corporate,Analyst,"San Francisco, CA",77764,0,0.0,1,0.077500001,Full-time,2022-08-31,White,Single,Bachelor,Monthly,0,0,CC1014,1.0,Exempt,0,Not in plan,0,0,31,5.0,93.57186127,0.041272387,82883,2,2,31/10/2022,0,0,2,0,29,0,0,,31,0,0.01,0,0.4804414458932475,0,0.009565144
415,2025-02-28,40,Customer Success,Commercial,Analyst,Remote,67332,0,0.0,1,0.0231,Full-time,2022-08-31,Asian,Married,High School,Monthly,0,0,CC1007,1.0,Exempt,0,Not in plan,0,0,30,2.769999981,55.87475967,0.423018187,72446,1,2,28/2/2023,0,1,1,0,24,0,0,,30,0,0.01,0,0.0592144762389498,0,0.03981385
416,2025-01-31,36,Engineering,Tech,Director,"San Francisco, CA",108184,1,0.189999998,0,0.0,Full-time,2022-08-31,Black,Single,Bachelor,Monthly,0,0,CC1001,1.0,Exempt,0,Not in plan,0,0,29,3.069999933,46.40053558,0.524491072,115506,1,3,28/2/2023,0,0,1,1,23,0,0,,29,0,0.0,0,0.1098979890002759,0,0.04062579
421,2025-03-31,30,Finance,Corporate,Analyst,"Austin, TX",93908,1,0.193000004,0,0.0,Full-time,2022-09-30,White,Married,Bachelor,Monthly,0,0,CC1007,0.5,Non-exempt,0,Not in plan,0,0,30,1.75999999,38.25050354,0.650062919,99501,1,1,30/6/2023,0,1,0,0,21,0,0,,30,0,0.02,1,0.5883086472517016,0,0.021382583
422,2025-02-28,51,Sales,Commercial,Senior Director,"Seattle, WA",89019,1,0.122000001,1,0.0196,Contractor,2022-09-30,White,Single,Bachelor,Monthly,1,0,CC1007,0.800000012,Exempt,0,Not in plan,0,0,29,3.359999895,69.02433014,0.35934031,96599,1,3,30/7/2023,0,0,0,0,19,0,0,,29,0,0.0,1,0.6362945627486205,0,0.03815369
423,2025-03-31,39,Operations,Corporate,Senior Director,"Seattle, WA",68164,0,0.0,1,0.088699996,Part-time,2022-09-30,Asian,Married,Bachelor,Monthly,0,0,CC1018,0.800000012,Non-exempt,0,Not in plan,0,0,30,3.460000038,71.88048553,0.263322979,71251,1,1,30/11/2022,0,0,1,0,28,0,0,,30,0,0.01,1,0.9154968298911744,0,0.0040253354
424,2025-02-28,24,Engineering,Tech,Senior Analyst,"Austin, TX",98947,0,0.0,1,0.051199999,Full-time,2022-09-30,White,Married,Master,Monthly,0,0,CC1007,0.5,Exempt,0,Not in plan,0,0,29,3.230000019,68.6690979,0.255585164,104402,0,4,,0,0,0,0,99999,0,0,,29,0,0.0,0,0.0771811552481037,0,0.008819296
426,2025-03-31,45,Customer Success,Commercial,Senior Director,"Seattle, WA",65885,0,0.0,1,0.097199999,Part-time,2022-10-31,Black,Single,Master,Monthly,0,0,CC1004,1.0,Exempt,0,Not in plan,0,0,29,1.629999995,36.28914261,0.677384019,69826,0,4,,1,0,1,0,99999,0,0,,29,0,0.02,0,0.0974530243171289,0,0.0042818724
429,2025-02-28,28,Finance,Corporate,Senior Analyst,"Seattle, WA",70525,0,0.0,1,0.0127,Full-time,2022-10-31,White,Married,Master,Monthly,0,0,CC1004,1.0,Non-exempt,0,Not in plan,0,0,28,4.369999886,92.09698486,0.093419813,74931,1,1,30/9/2023,1,0,0,1,17,0,0,,28,0,0.0,0,0.0180313942520485,0,0.027687993
430,2025-03-31,22,Product,Tech,Senior Analyst,"Seattle, WA",112676,0,0.0,1,0.037900001,Part-time,2022-10-31,White,Widowed,Master,Monthly,0,0,CC1013,1.0,Exempt,0,Not in plan,0,0,29,1.470000029,28.10265732,0.68779552,119053,0,3,,0,0,0,0,99999,0,0,,29,0,0.0,1,0.795868495245699,0,0.027557597
436,2025-02-28,30,Finance,Corporate,Director,"New York, NY",86094,0,0.0,1,0.0138,Full-time,2022-10-31,White,Single,Bachelor,Monthly,0,0,CC1003,1.0,Non-exempt,0,Not in plan,1,0,28,3.700000048,71.72990417,0.279524803,92564,0,1,,0,0,0,0,99999,0,0,,28,0,0.0,1,0.6614851573991332,0,0.046217415
442,2025-01-31,39,Customer Success,Commercial,Manager,"New York, NY",84479,0,0.0,1,0.035,Full-time,2022-11-30,Asian,Married,Bachelor,Monthly,0,0,CC1012,0.800000012,Exempt,0,Not in plan,0,0,26,1.970000029,41.27487183,0.564695179,87903,1,2,30/9/2023,0,2,1,0,16,0,0,,26,0,0.0,0,0.08108431735067,0,0.022317175
444,2025-02-28,43,Marketing,Commercial,Director,"Austin, TX",76767,1,0.119000003,1,0.099799998,Full-time,2022-11-30,White,Married,Bachelor,Monthly,0,0,CC1008,1.0,Exempt,0,Not in plan,1,0,27,3.690000057,77.88034821,0.241498649,82864,1,2,30/3/2023,0,1,0,0,23,0,0,,27,0,0.0,0,0.0517234404011674,0,0.0050819437
446,2025-03-31,33,Marketing,Commercial,Director,Remote,91018,0,0.0,0,0.0,Full-time,2022-11-30,White,Married,Bachelor,Monthly,0,0,CC1017,1.0,Exempt,0,Not in plan,0,0,28,4.349999905,92.99299622,0.079673745,98378,0,2,,1,1,0,0,99999,0,0,,28,0,0.04,1,0.7233372515031216,0,0.016854385
45,2025-03-31,40,Finance,Corporate,Manager,Remote,85305,0,0.0,1,0.088100001,Full-time,2020-11-30,Hispanic,Single,Bachelor,Monthly,0,0,CC1003,1.0,Exempt,0,Not in plan,0,0,52,3.390000105,74.73706055,0.277702153,94441,2,2,30/6/2021,2,1,1,0,45,0,0,,52,0,0.03,1,0.5223786985000212,0,0.06692365
452,2025-03-31,27,Sales,Commercial,Senior Analyst,"New York, NY",89899,1,0.059999999,1,0.0277,Full-time,2022-12-31,White,Married,Bachelor,Monthly,0,0,CC1001,1.0,Non-exempt,0,Not in plan,0,0,27,4.110000134,80.1153717,0.195767447,97063,0,1,,1,1,0,0,99999,0,0,,27,0,0.02,0,0.1847348163502198,0,0.01258486
453,2025-03-31,25,Customer Success,Commercial,Senior Director,"San Francisco, CA",67388,0,0.0,1,0.072899997,Contractor,2022-12-31,White,Single,Master,Monthly,0,0,CC1018,1.0,Non-exempt,0,Not in plan,0,0,27,4.230000019,85.28050995,0.128276154,71556,0,1,,0,1,1,0,99999,0,0,,27,0,0.01,0,0.114546953777428,0,0.0018468193
454,2025-03-31,36,Engineering,Tech,Director,"New York, NY",127319,0,0.0,1,0.082900003,Full-time,2022-12-31,White,Married,Bachelor,Monthly,0,0,CC1018,1.0,Exempt,0,Not in plan,0,0,27,2.720000029,55.86492157,0.41550979,138221,3,2,31/10/2023,1,0,0,0,17,0,0,,27,0,0.03,0,0.0241012457142654,0,0.039779067
455,2025-03-31,34,Product,Tech,Senior Director,"New York, NY",98306,0,0.0,1,0.074100003,Full-time,2022-12-31,White,Married,Bachelor,Monthly,0,0,CC1016,1.0,Exempt,0,Not in plan,0,0,27,4.340000153,79.34265137,0.23688367,103332,2,2,31/10/2023,0,0,1,0,17,0,0,,27,0,0.03,0,0.1962072377404965,0,0.059086088
456,2025-02-28,26,HR,Corporate,Senior Director,"San Francisco, CA",67774,0,0.0,1,0.0127,Full-time,2022-12-31,Other,Divorced,Bachelor,Monthly,0,0,CC1001,1.0,Exempt,0,Not in plan,0,0,26,2.630000114,52.19234085,0.571827531,71047,1,3,30/4/2023,0,2,0,0,22,0,0,,26,0,0.01,0,0.4917124381337559,0,0.02895686
460,2025-01-31,32,Support,Tech,Senior Manager,Remote,64796,0,0.0,1,0.020300001,Full-time,2023-01-31,White,Single,Bachelor,Monthly,0,0,CC1003,1.0,Exempt,0,Not in plan,0,0,24,5.0,100.0,0.022777047,67514,0,2,,0,0,0,1,99999,0,0,,24,0,0.0,1,0.6782672048340261,0,0.016972162
461,2025-01-31,28,Engineering,Tech,Director,"Seattle, WA",121455,0,0.0,1,0.053599998,Full-time,2023-01-31,Hispanic,Single,Master,Monthly,0,0,CC1007,1.0,Non-exempt,0,Not in plan,0,1,24,2.670000076,62.64983749,0.347337842,130413,0,2,,0,0,0,0,99999,0,0,,24,0,0.02,0,0.3682579072187338,0,0.0149785355
463,2025-03-31,37,Engineering,Tech,Manager,"San Francisco, CA",132741,0,0.0,1,0.0348,Full-time,2023-01-31,White,Divorced,Associate,Monthly,0,0,CC1012,1.0,Non-exempt,1,In plan,0,0,26,4.360000134,85.12444305,0.188056856,142543,2,1,31/7/2023,2,0,0,0,20,0,0,,26,0,0.0,0,3.575047258497792e-05,0,0.0014468471
468,2025-03-31,24,Customer Success,Commercial,Analyst,"New York, NY",72565,1,0.067000002,1,0.078699999,Full-time,2023-02-28,Hispanic,Married,Bachelor,Monthly,0,0,CC1000,1.0,Exempt,0,Not in plan,0,0,25,1.289999962,21.09697342,0.764217317,77681,3,2,28/9/2023,1,0,0,0,18,0,0,,25,0,0.01,1,0.9637820542472436,0,0.008812505
469,2025-01-31,35,Customer Success,Commercial,Senior Analyst,"New York, NY",55821,0,0.0,1,0.0308,Full-time,2023-02-28,White,Married,Master,Monthly,0,0,CC1005,1.0,Exempt,0,Not in plan,0,0,23,2.75999999,50.20697784,0.515339196,57793,1,3,28/5/2023,0,0,0,1,20,0,0,,23,0,0.01,0,0.0284722914740691,0,0.0011976025
475,2025-02-28,29,Engineering,Tech,Senior Analyst,"San Francisco, CA",93395,0,0.0,1,0.097199999,Full-time,2023-02-28,White,Single,Master,Monthly,0,0,CC1017,1.0,Non-exempt,1,In plan,0,1,24,2.170000076,38.70274734,0.612929702,103131,0,2,,1,0,1,0,99999,0,0,,24,0,0.0,0,3.2842874103972406e-05,0,0.000507428
476,2025-02-28,34,Customer Success,Commercial,Analyst,"New York, NY",60374,0,0.0,0,0.0,Part-time,2023-02-28,Hispanic,Married,Associate,Monthly,1,0,CC1017,1.0,Non-exempt,0,Not in plan,0,0,24,2.789999962,59.00867081,0.429441243,64304,0,1,,1,0,2,0,99999,0,0,,24,0,0.0,1,0.6944682416609012,0,0.016442923
481,2025-01-31,22,Engineering,Tech,VP,"Seattle, WA",112791,1,0.086999997,1,0.022299999,Full-time,2023-02-28,White,Married,Bachelor,Monthly,0,0,CC1018,1.0,Exempt,0,Not in plan,0,0,23,4.269999981,81.63448334,0.193698525,117485,0,3,,0,0,0,0,99999,0,0,,23,0,0.0,1,0.6971935843829014,0,0.010699122
489,2025-02-28,28,Customer Success,Commercial,VP,Remote,75730,0,0.0,1,0.086099997,Full-time,2023-03-31,White,Single,Bachelor,Monthly,0,0,CC1008,0.800000012,Exempt,0,Not in plan,0,0,23,2.569999933,46.68858337,0.547504365,77099,2,3,31/12/2023,0,0,2,2,14,0,0,,23,0,0.01,0,0.1105144391845674,0,0.0026594643
490,2025-02-28,38,Marketing,Commercial,Senior Manager,"New York, NY",86453,1,0.075000003,1,0.059500001,Full-time,2023-03-31,Hispanic,Single,Bachelor,Monthly,0,0,CC1008,1.0,Non-exempt,1,In plan,1,0,23,2.200000048,42.25410843,0.599773109,89873,2,1,30/4/2023,1,0,0,0,22,0,0,,23,0,0.01,0,0.0001007154226193,0,0.00013252447
493,2025-03-31,33,HR,Corporate,Senior Manager,"San Francisco, CA",86993,1,0.108000003,1,0.0726,Full-time,2023-03-31,White,Married,PhD,Monthly,0,0,CC1006,1.0,Exempt,0,Not in plan,0,0,24,4.829999924,97.26772308,0.030272134,93393,1,3,30/6/2023,0,1,0,1,21,0,0,,24,0,0.04,1,0.833175844026275,0,0.056651507
496,2025-03-31,31,Sales,Commercial,VP,"Seattle, WA",82299,1,0.082999997,1,0.0964,Full-time,2023-03-31,Asian,Married,Master,Monthly,0,0,CC1002,0.800000012,Exempt,0,Not in plan,0,1,24,3.450000048,61.42852402,0.380366236,84887,1,3,29/2/2024,0,1,0,0,13,0,0,,24,0,0.03,0,0.3028393000063902,0,0.053357344
500,2025-03-31,42,Marketing,Commercial,Director,"San Francisco, CA",99667,1,0.086000003,1,0.075800002,Full-time,2023-04-30,Black,Married,Master,Monthly,0,0,CC1012,0.800000012,Exempt,0,Not in plan,0,0,23,4.019999981,77.09605408,0.153442845,101504,0,4,,1,0,0,0,99999,0,0,,23,0,0.0,0,0.3387555253488845,0,0.01178501
503,2025-03-31,26,Engineering,Tech,Analyst,"Seattle, WA",97778,0,0.0,1,0.050999999,Full-time,2023-04-30,White,Divorced,Bachelor,Monthly,0,0,CC1000,1.0,Non-exempt,0,Not in plan,0,0,23,2.24000001,42.25404739,0.568607569,100951,2,1,30/3/2024,0,0,0,0,12,0,0,,23,0,0.0,1,0.9409958818881496,0,0.03104398
506,2025-02-28,37,Sales,Commercial,Analyst,"New York, NY",95828,0,0.0,0,0.0,Full-time,2023-04-30,Black,Married,Associate,Monthly,0,0,CC1012,1.0,Exempt,0,Not in plan,0,0,22,3.24000001,70.66568756,0.299928576,97644,2,2,30/7/2023,0,1,0,0,19,0,0,,22,0,0.01,0,0.3541205174842433,0,0.08953482
508,2025-03-31,32,Support,Tech,Senior Director,"Austin, TX",64046,0,0.0,1,0.038699999,Full-time,2023-05-31,Asian,Single,Bachelor,Monthly,0,0,CC1010,0.800000012,Non-exempt,0,Not in plan,0,0,22,2.680000067,49.4600029,0.491056591,66363,0,1,,0,0,0,1,99999,0,0,,22,0,0.0,0,0.0832632448293316,0,0.007801011
509,2025-03-31,40,Product,Tech,Director,Remote,89224,1,0.189999998,0,0.0,Contractor,2023-05-31,White,Single,Associate,Monthly,0,0,CC1015,0.5,Exempt,0,Not in plan,0,0,22,2.589999914,55.22419357,0.464033574,91279,0,4,,0,0,1,0,99999,0,0,,22,0,0.01,0,0.0541673605228229,0,0.009832706
510,2025-02-28,22,Marketing,Commercial,Manager,"San Francisco, CA",80040,0,0.0,1,0.0253,Full-time,2023-05-31,White,Single,Bachelor,Monthly,0,0,CC1001,0.800000012,Non-exempt,0,Not in plan,0,0,21,1.350000024,25.94284058,0.782643616,83521,0,1,,1,0,0,0,99999,0,0,,21,0,0.01,0,0.1186009778544836,0,0.002752284
511,2025-01-31,37,Sales,Commercial,Senior Manager,"San Francisco, CA",75014,1,0.173999995,1,0.070799999,Contractor,2023-05-31,Black,Married,PhD,Monthly,0,0,CC1018,1.0,Non-exempt,0,Not in plan,0,0,20,2.599999905,56.07595825,0.380969554,76516,0,1,,0,0,0,0,99999,0,0,,20,0,0.0,1,0.5578591558592867,0,0.012125343
515,2025-02-28,22,Sales,Commercial,VP,"Seattle, WA",89440,1,0.056000002,1,0.090400003,Contractor,2023-05-31,White,Divorced,Bachelor,Monthly,0,0,CC1007,1.0,Exempt,0,Not in plan,0,0,21,2.319999933,51.65486526,0.450800806,92325,1,4,30/6/2023,1,0,0,1,20,0,0,,21,0,0.0,0,0.2981026865544424,0,0.0012975291
516,2025-03-31,26,Customer Success,Commercial,Senior Analyst,"New York, NY",75090,0,0.0,1,0.043499999,Full-time,2023-05-31,White,Single,Master,Monthly,0,0,CC1003,0.800000012,Exempt,0,Not in plan,0,0,22,2.799999952,41.89112854,0.553839743,76947,0,2,,0,2,1,0,99999,0,0,,22,0,0.0,0,0.0710823922467144,0,0.0028107571
517,2025-01-31,32,Marketing,Commercial,Senior Analyst,"Austin, TX",83721,0,0.0,1,0.0647,Full-time,2023-05-31,White,Single,Associate,Monthly,0,0,CC1000,0.5,Exempt,0,Not in plan,0,0,20,2.75999999,57.46384811,0.459236056,85922,1,2,29/2/2024,1,1,0,0,11,0,0,,20,0,0.0,0,0.1862837937707406,0,0.0028633086
521,2025-03-31,34,HR,Corporate,Manager,Remote,76840,0,0.0,1,0.071999997,Part-time,2023-06-30,Hispanic,Married,Master,Monthly,0,0,CC1002,1.0,Non-exempt,0,Not in plan,0,0,21,1.919999957,46.16768646,0.49612397,78209,0,1,,1,1,0,0,99999,0,0,,21,0,0.01,0,0.3593578963718893,0,0.02379208
524,2025-01-31,34,Engineering,Tech,Senior Director,"New York, NY",109274,0,0.0,0,0.0,Contractor,2023-06-30,Black,Single,Master,Monthly,0,0,CC1018,1.0,Non-exempt,0,Not in plan,0,0,19,3.400000095,66.18829346,0.360763878,112294,0,1,,0,1,0,1,99999,0,0,,19,0,0.0,0,0.1276356513942034,0,0.02168482
529,2025-02-28,34,Sales,Commercial,Senior Analyst,"Austin, TX",84117,0,0.0,1,0.081500001,Full-time,2023-07-31,Hispanic,Married,Bachelor,Monthly,0,0,CC1005,0.800000012,Non-exempt,0,Not in plan,0,0,19,3.869999886,80.53196716,0.175159797,87739,1,1,31/8/2023,0,0,0,1,18,0,0,,19,0,0.01,0,0.0259193526779719,0,0.0046431306
530,2025-01-31,39,Engineering,Tech,Senior Director,"San Francisco, CA",119884,1,0.082000002,1,0.080799997,Full-time,2023-07-31,Hispanic,Married,Bachelor,Monthly,0,0,CC1003,1.0,Exempt,0,Not in plan,0,0,18,2.25999999,47.0998764,0.556321442,124091,2,3,30/4/2024,0,0,0,0,9,0,0,,18,0,0.0,1,0.9074468321424678,0,0.01866089
531,2025-03-31,26,Sales,Commercial,Manager,"New York, NY",88019,1,0.149000004,1,0.0185,Full-time,2023-07-31,Other,Married,Bachelor,Monthly,0,0,CC1015,1.0,Non-exempt,0,Not in plan,0,0,20,2.049999952,34.66583633,0.640086412,92254,0,1,,0,0,0,0,99999,0,0,,20,0,0.0,0,0.009359629723146,0,0.0028405506
534,2025-03-31,22,Product,Tech,Senior Analyst,"New York, NY",97542,0,0.0,1,0.0209,Full-time,2023-07-31,Black,Divorced,Bachelor,Monthly,0,0,CC1013,1.0,Non-exempt,0,Not in plan,1,0,20,3.450000048,69.08184052,0.294325233,99888,2,1,31/8/2023,1,0,0,2,19,0,0,,20,0,0.0,0,0.0742711262004074,0,0.007118206
538,2025-03-31,28,Sales,Commercial,VP,"San Francisco, CA",100596,1,0.086999997,1,0.060199998,Full-time,2023-08-31,Hispanic,Single,Master,Monthly,0,0,CC1015,1.0,Exempt,0,Not in plan,0,0,19,1.899999976,35.76538086,0.637565672,105306,1,4,31/5/2024,0,0,1,0,10,0,0,,19,0,0.01,0,0.0086064877316505,0,0.004394418
543,2025-02-28,29,Engineering,Tech,Senior Director,"Seattle, WA",117272,1,0.100000001,1,0.028000001,Full-time,2023-08-31,White,Married,Bachelor,Monthly,0,0,CC1017,0.800000012,Exempt,0,Not in plan,0,0,18,3.630000114,72.98366547,0.296036184,121855,1,4,31/7/2024,0,1,0,0,7,0,0,,18,0,0.01,0,0.1377919610277319,0,0.032841843
544,2025-01-31,24,Sales,Commercial,Senior Analyst,Remote,91674,1,0.097999997,1,0.066699997,Full-time,2023-08-31,White,Single,PhD,Monthly,0,0,CC1005,0.800000012,Exempt,0,Not in plan,1,0,17,3.420000076,75.19554901,0.271500021,93644,2,4,31/10/2023,0,0,0,1,15,0,0,,17,0,0.0,0,0.0010520910175868,0,0.008653021
548,2025-02-28,31,Support,Tech,Director,"San Francisco, CA",69608,0,0.0,1,0.0127,Full-time,2023-08-31,White,Divorced,Master,Monthly,0,0,CC1006,1.0,Non-exempt,1,In plan,0,0,18,2.809999943,62.40260315,0.332504392,70198,1,1,31/3/2024,0,0,0,0,11,0,0,,18,0,0.0,0,1.995031385746348e-06,0,0.0016880399
550,2025-02-28,26,Finance,Corporate,Manager,"Austin, TX",85645,0,0.0,0,0.0,Full-time,2023-08-31,White,Married,Bachelor,Monthly,0,1,CC1008,0.800000012,Exempt,0,Not in plan,0,0,18,3.50999999,81.17823792,0.196267962,88395,1,2,29/2/2024,1,0,0,1,12,0,0,,18,0,0.0,0,0.0268499331568074,0,0.00061108486
551,2025-03-31,44,Engineering,Tech,Manager,"San Francisco, CA",115259,0,0.0,1,0.090099998,Full-time,2023-09-30,White,Divorced,Bachelor,Monthly,0,0,CC1009,1.0,Non-exempt,1,In plan,0,0,18,3.369999886,69.22038269,0.291317701,120600,2,1,30/12/2023,1,0,0,0,15,0,0,,18,0,0.0,0,3.811524205234972e-05,0,0.0015910502
552,2025-01-31,34,Sales,Commercial,VP,"Seattle, WA",72559,1,0.126000002,1,0.076800004,Full-time,2023-09-30,Black,Divorced,High School,Monthly,0,0,CC1001,1.0,Non-exempt,1,In plan,0,0,16,3.619999886,72.91007996,0.263963193,73647,1,1,30/12/2023,0,0,0,0,13,0,0,,16,0,0.01,0,1.4260496193983309e-05,0,0.0010731207
553,2025-03-31,35,HR,Corporate,Director,"San Francisco, CA",63556,0,0.0,1,0.0263,Full-time,2023-09-30,White,Single,Bachelor,Monthly,0,0,CC1011,0.800000012,Exempt,0,Not in plan,0,0,18,3.75,81.04949951,0.232743531,66337,1,3,30/1/2024,0,1,0,0,14,0,0,,18,0,0.02,0,0.1470895930452797,0,0.0079561295
554,2025-02-28,42,Operations,Corporate,VP,Remote,66722,0,0.0,1,0.043400001,Full-time,2023-09-30,Hispanic,Single,Associate,Monthly,0,0,CC1014,0.800000012,Non-exempt,0,Not in plan,0,0,17,3.480000019,60.78134155,0.366678387,68164,0,1,,0,0,0,0,99999,0,0,,17,0,0.0,1,0.5246767114232865,0,0.004685806
557,2025-03-31,29,Customer Success,Commercial,Director,"Austin, TX",69224,1,0.061999999,1,0.046599999,Full-time,2023-09-30,Hispanic,Married,Bachelor,Monthly,0,0,CC1012,1.0,Exempt,0,Not in plan,0,0,18,3.339999914,67.83876801,0.375899822,71414,2,2,30/7/2024,0,1,0,1,8,0,0,,18,0,0.04,0,0.3422593546223956,0,0.0386118
559,2025-03-31,49,Engineering,Tech,Senior Manager,"New York, NY",120661,1,0.067000002,1,0.079300001,Contractor,2023-09-30,White,Single,High School,Monthly,0,0,CC1014,0.5,Exempt,1,In plan,0,0,18,4.480000019,78.46376801,0.21881637,124829,1,3,30/3/2024,0,0,0,0,12,0,0,,18,0,0.02,0,0.0024197535367029,0,0.0064428626
571,2025-02-28,34,Finance,Corporate,Senior Analyst,"San Francisco, CA",88612,0,0.0,0,0.0,Full-time,2023-10-31,White,Married,Bachelor,Monthly,0,1,CC1019,0.800000012,Exempt,0,Not in plan,0,0,16,3.029999971,46.88072586,0.501159668,92500,2,3,30/11/2023,0,0,0,0,15,0,0,,16,0,0.0,0,0.1205479243835722,0,0.0009924051
573,2025-02-28,22,Finance,Corporate,Senior Manager,"New York, NY",85065,0,0.0,1,0.0548,Full-time,2023-10-31,White,Married,Master,Monthly,0,0,CC1008,0.800000012,Exempt,0,Not in plan,0,0,16,3.789999962,74.36392975,0.231066614,87746,1,2,29/2/2024,0,0,0,0,12,0,0,,16,0,0.0,0,0.1666822040077346,0,0.002327313
575,2025-01-31,28,Engineering,Tech,Analyst,"Austin, TX",140929,0,0.0,1,0.079700001,Full-time,2023-10-31,Hispanic,Divorced,Bachelor,Monthly,0,0,CC1003,1.0,Exempt,0,Not in plan,0,0,15,3.24000001,57.22514343,0.420570374,147035,0,2,,1,0,0,2,99999,0,0,,15,0,0.01,0,0.2752512553885802,0,0.000882664
581,2025-01-31,39,HR,Corporate,VP,"San Francisco, CA",76886,0,0.0,1,0.089299999,Full-time,2023-10-31,White,Married,Bachelor,Monthly,0,0,CC1002,0.800000012,Non-exempt,0,Not in plan,0,0,15,3.529999971,76.35803223,0.211667895,80758,0,1,,1,0,0,0,99999,0,0,,15,0,0.0,1,0.6174495020189543,0,0.027914058
582,2025-02-28,36,Customer Success,Commercial,VP,"Austin, TX",62892,0,0.0,1,0.050799999,Full-time,2023-11-30,White,Single,Bachelor,Monthly,0,1,CC1015,1.0,Exempt,0,Not in plan,0,0,15,3.630000114,82.69295502,0.203734994,65276,0,2,,1,0,0,0,99999,0,0,,15,0,0.0,0,0.0013733282021673,0,0.00014761773
583,2025-01-31,36,Engineering,Tech,Analyst,"New York, NY",112516,0,0.0,1,0.017000001,Full-time,2023-11-30,Asian,Single,Bachelor,Monthly,0,0,CC1008,1.0,Exempt,0,Not in plan,0,0,14,2.869999886,63.10349274,0.373183668,117479,1,2,30/3/2024,0,0,0,0,10,0,0,,14,0,0.0,1,0.8242521524301123,0,0.009679546
584,2025-01-31,22,Engineering,Tech,Senior Director,"Seattle, WA",132446,0,0.0,1,0.0942,Contractor,2023-11-30,White,Married,Associate,Monthly,0,0,CC1002,1.0,Exempt,0,Not in plan,0,0,14,2.279999971,45.9834404,0.487005353,134981,0,2,,0,0,0,0,99999,0,0,,14,0,0.0,0,0.0641174383316,0,0.0015583549
586,2025-03-31,39,Customer Success,Commercial,Analyst,Remote,65996,1,0.152999997,1,0.0132,Full-time,2023-11-30,Asian,Single,Bachelor,Monthly,0,0,CC1018,1.0,Exempt,0,Not in plan,0,0,16,1.059999943,19.2166729,0.82155776,67814,1,5,30/5/2024,0,0,0,0,10,0,0,,16,0,0.0,0,0.0454676669766141,0,0.00082871615
587,2025-01-31,29,Product,Tech,Manager,"San Francisco, CA",125093,1,0.162,1,0.095600002,Full-time,2023-11-30,Asian,Single,Bachelor,Monthly,0,0,CC1012,1.0,Non-exempt,0,Not in plan,0,0,14,3.450000048,76.10315704,0.151810169,129784,0,1,,0,0,0,0,99999,0,0,,14,0,0.01,1,0.6241057628322427,0,0.0067046853
589,2025-01-31,51,Product,Tech,Senior Manager,"New York, NY",128835,0,0.0,1,0.046500001,Contractor,2023-12-31,White,Divorced,Bachelor,Monthly,0,1,CC1018,1.0,Non-exempt,0,Not in plan,0,0,13,3.440000057,63.05962372,0.385844588,133287,3,1,30/9/2024,0,1,0,0,4,0,0,,13,0,0.01,0,0.0036752492925415,0,0.00066597393
590,2025-01-31,29,Engineering,Tech,Analyst,"New York, NY",140090,1,0.098999999,1,0.0385,Full-time,2023-12-31,Other,Married,Bachelor,Monthly,0,0,CC1003,1.0,Exempt,0,Not in plan,0,0,13,2.980000019,57.49520493,0.397508293,144091,1,3,30/9/2024,0,2,0,0,4,0,0,,13,0,0.0,0,0.0798765214721981,0,0.010855784
591,2025-02-28,39,Finance,Corporate,Senior Manager,"New York, NY",79082,0,0.0,0,0.0,Full-time,2023-12-31,White,Married,Bachelor,Monthly,0,0,CC1008,1.0,Non-exempt,0,Not in plan,0,0,14,1.620000005,37.25954056,0.604386389,81633,2,1,30/4/2024,0,0,0,0,10,0,0,,14,0,0.0,0,0.2234756597916307,0,0.0046962365
596,2025-01-31,25,Sales,Commercial,Manager,"New York, NY",96200,1,0.162,1,0.089500003,Full-time,2024-01-31,White,Married,Bachelor,Monthly,0,0,CC1017,1.0,Exempt,0,Not in plan,0,0,12,3.49000001,74.69716644,0.256053001,99416,1,3,31/3/2024,0,0,0,0,10,0,0,,12,0,0.0,0,0.0183485417952839,0,0.009328362
599,2025-02-28,36,Engineering,Tech,Analyst,"San Francisco, CA",105550,1,0.077,1,0.058400001,Contractor,2024-01-31,White,Married,Bachelor,Monthly,0,0,CC1012,0.800000012,Exempt,0,Not in plan,1,0,13,2.049999952,40.58150482,0.565201044,107559,0,2,,0,1,0,0,99999,0,0,,13,0,0.0,0,0.3825705745678121,0,0.032109506
600,2025-01-31,31,Finance,Corporate,VP,"Austin, TX",92188,1,0.093999997,1,0.090499997,Full-time,2024-01-31,White,Single,Associate,Monthly,0,0,CC1017,0.5,Non-exempt,0,Not in plan,0,1,12,3.059999943,54.2949295,0.407519072,94789,0,2,,0,0,0,0,99999,0,0,,12,0,0.02,0,0.021659784050407,0,0.0077900877
601,2025-01-31,35,Marketing,Commercial,Senior Manager,"Seattle, WA",94711,0,0.0,1,0.0287,Full-time,2024-01-31,White,Divorced,PhD,Monthly,0,0,CC1013,1.0,Non-exempt,0,Not in plan,0,0,12,2.660000086,48.7940979,0.514030099,98286,2,1,31/3/2024,0,1,0,1,10,0,0,,12,0,0.0,0,0.0240449821070603,0,0.057958998
604,2025-03-31,34,Customer Success,Commercial,Director,"Seattle, WA",65822,0,0.0,1,0.076200001,Full-time,2024-01-31,Asian,Married,Bachelor,Monthly,0,0,CC1009,1.0,Non-exempt,0,Not in plan,0,0,14,3.49000001,69.50213623,0.330240816,68854,3,1,31/12/2024,0,0,1,0,3,0,0,,14,0,0.01,0,0.1023962279760477,0,0.039431468
605,2025-03-31,25,Operations,Corporate,Senior Director,Remote,52989,0,0.0,1,0.024900001,Full-time,2024-01-31,White,Single,Bachelor,Monthly,0,0,CC1016,0.5,Exempt,0,Not in plan,0,0,14,1.970000029,36.93012238,0.606063604,55218,0,2,,0,0,0,0,99999,0,0,,14,0,0.03,0,0.2270429319308498,0,0.007135019
607,2025-02-28,39,Customer Success,Commercial,Analyst,"Seattle, WA",75450,0,0.0,1,0.034200002,Full-time,2024-02-29,Black,Married,Bachelor,Monthly,0,0,CC1008,1.0,Exempt,0,Not in plan,0,0,12,1.019999981,19.28769302,0.79711163,78120,3,4,29/8/2024,0,0,0,0,6,0,0,,12,0,0.01,0,0.0146317869785529,0,0.0021399802
608,2025-01-31,43,Sales,Commercial,Analyst,Remote,83021,1,0.179000005,1,0.078000002,Full-time,2024-02-29,Hispanic,Married,Bachelor,Monthly,0,0,CC1009,1.0,Non-exempt,0,Not in plan,0,0,11,3.140000105,57.4335022,0.406441659,83021,1,1,29/12/2024,0,0,0,0,1,0,0,,11,0,0.0,0,0.2419068024089327,0,0.037463732
61,2025-03-31,26,Product,Tech,VP,"Seattle, WA",110694,1,0.135000005,1,0.096699998,Full-time,2020-01-30,White,Married,High School,Monthly,0,0,CC1008,0.800000012,Exempt,0,Not in plan,0,0,62,3.650000095,69.99316406,0.300934702,128421,0,3,,0,1,0,1,99999,0,0,,62,0,0.0,1,0.7377963760387721,0,0.0023903274
610,2025-02-28,28,Engineering,Tech,VP,"Seattle, WA",117020,0,0.0,1,0.013,Contractor,2024-02-29,Hispanic,Married,Bachelor,Monthly,0,0,CC1008,1.0,Exempt,0,Not in plan,0,0,12,2.279999971,46.10878372,0.577011585,120986,2,3,29/6/2024,0,1,1,0,8,0,0,,12,0,0.0,0,0.0650582475353868,0,0.0013419873
611,2025-03-31,40,Engineering,Tech,Director,"Seattle, WA",116302,0,0.0,1,0.072999999,Full-time,2024-02-29,White,Divorced,Bachelor,Monthly,0,0,CC1017,1.0,Non-exempt,0,Not in plan,0,0,13,3.930000067,78.4646225,0.222653091,121177,2,1,29/3/2024,0,1,0,0,12,0,0,,13,0,0.01,0,0.157018410416087,0,0.01275562
612,2025-02-28,40,Engineering,Tech,Senior Manager,"New York, NY",124548,0,0.0,1,0.0166,Full-time,2024-02-29,Black,Married,Associate,Monthly,0,0,CC1016,1.0,Exempt,0,Not in plan,0,0,12,4.480000019,85.59599304,0.186969459,129102,2,3,29/10/2024,0,0,0,0,4,0,0,,12,0,0.0,0,0.1312664953204923,0,0.07825492
615,2025-01-31,29,Engineering,Tech,Senior Analyst,"New York, NY",112891,1,0.194000006,1,0.0126,Full-time,2024-02-29,White,Single,High School,Monthly,0,0,CC1003,0.800000012,Exempt,0,Not in plan,0,0,11,1.75999999,39.12244797,0.598938704,112891,0,4,,0,0,0,0,99999,0,0,,11,0,0.01,0,0.3063665262231715,0,0.046927817
619,2025-02-28,40,Finance,Corporate,VP,Remote,81413,0,0.0,1,0.098899998,Full-time,2024-03-31,Other,Divorced,Bachelor,Monthly,0,0,CC1005,0.800000012,Exempt,0,Not in plan,0,0,11,2.039999962,47.56231689,0.561918497,81413,1,2,31/8/2024,0,0,0,0,6,0,0,,11,0,0.02,0,0.0219014373111615,0,0.006165175
621,2025-03-31,41,Sales,Commercial,Senior Analyst,"New York, NY",85709,1,0.152999997,1,0.0283,Full-time,2024-03-31,Hispanic,Single,Bachelor,Monthly,0,0,CC1011,1.0,Exempt,0,Not in plan,0,0,12,3.220000029,61.8272171,0.413223505,88057,2,3,31/1/2025,0,0,0,0,2,0,0,,12,0,0.01,0,0.0625047868636169,0,0.020195402
622,2025-01-31,33,Customer Success,Commercial,Senior Manager,"New York, NY",61879,0,0.0,1,0.045400001,Part-time,2024-03-31,Other,Married,Bachelor,Monthly,0,0,CC1011,1.0,Exempt,0,Not in plan,0,0,10,3.730000019,76.04994965,0.224856779,61879,0,2,,0,0,0,0,99999,0,0,,10,0,0.0,0,0.0956258274404515,0,0.006913692
623,2025-02-28,40,Finance,Corporate,Senior Manager,Remote,94023,0,0.0,0,0.0,Full-time,2024-03-31,Black,Single,Master,Monthly,0,0,CC1019,1.0,Non-exempt,0,Not in plan,0,0,11,2.980000019,51.42285919,0.46540451,94023,1,1,31/5/2024,0,0,0,0,9,0,0,,11,0,0.02,0,0.0099215222658192,0,0.012227197
625,2025-03-31,31,Engineering,Tech,Senior Analyst,"San Francisco, CA",107067,0,0.0,1,0.064800002,Full-time,2024-03-31,Asian,Married,Bachelor,Monthly,0,0,CC1007,1.0,Exempt,0,Not in plan,0,1,12,2.380000114,43.93375778,0.602767944,113021,0,3,,0,1,0,1,99999,0,0,,12,0,0.02,0,0.1471210115020133,0,0.028721582
628,2025-02-28,31,Engineering,Tech,VP,Remote,123727,1,0.075000003,1,0.067500003,Part-time,2024-04-30,Other,Married,Associate,Monthly,0,0,CC1019,1.0,Exempt,0,Not in plan,0,0,10,2.269999981,50.62461472,0.503778815,123727,1,3,30/9/2024,0,0,0,0,5,0,0,,10,0,0.02,0,0.0030274851982139,0,0.009970731
631,2025-01-31,39,Engineering,Tech,Senior Director,"Seattle, WA",122676,0,0.0,1,0.0546,Full-time,2024-04-30,Other,Married,Bachelor,Monthly,0,0,CC1005,1.0,Non-exempt,1,In plan,0,0,9,1.580000043,35.53474045,0.629794002,122676,1,1,30/1/2025,0,0,0,0,0,0,0,,9,0,0.01,0,1.9875956867067062e-05,0,0.0002662049
632,2025-03-31,22,Product,Tech,Senior Director,"San Francisco, CA",119020,0,0.0,1,0.0383,Contractor,2024-04-30,White,Married,Bachelor,Monthly,1,0,CC1016,0.800000012,Exempt,1,In plan,0,0,11,3.079999924,69.69917297,0.294731468,119020,2,3,30/11/2024,0,0,0,0,4,0,0,,11,0,0.02,0,4.878020632592065e-05,0,0.00031437262
633,2025-02-28,43,Support,Tech,Manager,"New York, NY",60232,0,0.0,1,0.062899999,Full-time,2024-04-30,Asian,Married,Associate,Monthly,0,0,CC1008,1.0,Non-exempt,0,Not in plan,0,0,10,1.0,30.86751556,0.729857683,60232,1,1,30/3/2025,1,0,0,0,0,0,0,,10,0,0.02,0,0.0591780022952219,0,0.0016074858
635,2025-02-28,43,Customer Success,Commercial,Director,"Seattle, WA",76721,0,0.0,1,0.046500001,Full-time,2024-04-30,White,Married,Bachelor,Monthly,1,0,CC1013,1.0,Exempt,0,Not in plan,0,0,10,3.24000001,61.16461945,0.404732466,76721,1,2,30/6/2024,0,0,0,0,8,0,0,,10,0,0.01,0,0.2590924749249894,0,0.023024604
636,2025-01-31,36,Engineering,Tech,VP,"New York, NY",122187,1,0.153999999,1,0.094400004,Full-time,2024-04-30,White,Divorced,Bachelor,Monthly,0,0,CC1014,1.0,Non-exempt,0,Not in plan,0,0,9,2.75,55.59527206,0.45879218,122187,2,1,30/7/2024,0,0,0,0,6,0,0,,9,0,0.0,1,0.5963081552677584,0,0.0015353763
639,2025-01-31,34,Marketing,Commercial,Senior Director,"Austin, TX",88494,1,0.056000002,1,0.034699999,Full-time,2024-05-31,Other,Married,Bachelor,Monthly,0,0,CC1003,1.0,Exempt,0,Not in plan,0,0,8,2.799999952,61.34114456,0.41221261,88494,1,4,31/12/2024,0,0,0,0,1,0,0,,8,0,0.0,0,0.0168452177091205,0,0.0042792507
640,2025-01-31,33,Customer Success,Commercial,Senior Director,"New York, NY",66930,0,0.0,0,0.0,Full-time,2024-05-31,Asian,Married,Associate,Monthly,0,0,CC1006,0.5,Exempt,0,Not in plan,0,0,8,2.579999924,48.91713715,0.487627298,66930,2,2,31/8/2024,0,1,1,0,5,0,0,,8,0,0.0,0,0.0029293398014586,0,0.0018196331
641,2025-02-28,30,Engineering,Tech,Director,Remote,113188,1,0.126000002,1,0.058899999,Full-time,2024-05-31,White,Single,Master,Monthly,0,0,CC1005,1.0,Non-exempt,0,Not in plan,0,0,9,4.199999809,86.69058228,0.177475303,113188,2,1,31/8/2024,0,1,0,0,6,0,0,,9,0,0.0,0,0.0577940230885632,0,0.008631495
647,2025-03-31,34,Sales,Commercial,Senior Manager,"New York, NY",102881,1,0.179000005,0,0.0,Full-time,2024-05-31,White,Married,Bachelor,Monthly,0,0,CC1010,1.0,Exempt,1,In plan,0,0,10,2.410000086,47.43112564,0.523664892,102881,1,2,28/2/2025,0,1,0,0,1,0,0,,10,0,0.0,0,2.0648168669719844e-06,0,0.0005035868
648,2025-02-28,33,Engineering,Tech,Senior Analyst,Remote,140242,0,0.0,1,0.0156,Contractor,2024-05-31,Hispanic,Married,Master,Monthly,0,0,CC1017,1.0,Non-exempt,0,Not in plan,0,0,9,2.859999895,54.87337494,0.475485086,140242,0,1,,0,0,0,0,99999,0,0,,9,0,0.0,0,0.1677166838908472,0,0.0019838759
649,2025-01-31,44,Support,Tech,Senior Manager,"Austin, TX",57087,0,0.0,1,0.0261,Full-time,2024-05-31,Black,Married,Bachelor,Monthly,0,0,CC1011,1.0,Exempt,1,In plan,0,0,8,2.150000095,39.77741241,0.559730411,57087,1,2,31/12/2024,0,0,0,0,1,0,0,,8,0,0.0,0,1.9454989355446896e-05,0,0.00035513632
651,2025-01-31,36,Engineering,Tech,VP,"San Francisco, CA",114898,0,0.0,0,0.0,Full-time,2024-06-30,Hispanic,Married,Bachelor,Monthly,0,0,CC1011,0.5,Exempt,1,In plan,0,0,7,2.440000057,46.09165573,0.536695838,114898,0,4,,0,0,0,0,99999,0,0,,7,0,0.0,0,0.0003499069793692,0,0.0014753732
653,2025-03-31,34,Product,Tech,Manager,"Seattle, WA",91464,1,0.093000002,1,0.088500001,Contractor,2024-06-30,Asian,Married,Master,Monthly,0,0,CC1019,1.0,Exempt,1,In plan,0,0,9,2.74000001,66.70975494,0.320328802,91464,2,3,28/2/2025,0,0,0,0,1,0,0,,9,0,0.02,0,7.321765920663311e-07,0,0.00029147617
654,2025-02-28,30,Product,Tech,Senior Manager,"San Francisco, CA",108071,0,0.0,1,0.056400001,Full-time,2024-06-30,Hispanic,Married,Master,Monthly,0,0,CC1010,1.0,Non-exempt,0,Not in plan,0,0,8,2.950000048,59.07633591,0.445823759,108071,2,1,30/9/2024,0,0,1,0,5,0,0,,8,0,0.01,0,0.0261866306293485,0,0.020852206
655,2025-01-31,27,Engineering,Tech,Senior Manager,"New York, NY",114046,1,0.116999999,1,0.022500001,Contractor,2024-06-30,Asian,Divorced,Associate,Monthly,0,0,CC1014,0.5,Non-exempt,1,In plan,0,0,7,4.360000134,88.3203125,0.098792672,114046,1,1,30/11/2024,0,0,0,0,2,0,0,,7,0,0.01,0,1.5388211437022434e-05,0,0.0004369504
661,2025-01-31,31,Customer Success,Commercial,Senior Director,"Seattle, WA",63026,1,0.186000004,1,0.080200002,Full-time,2024-07-31,Black,Married,PhD,Monthly,0,0,CC1018,1.0,Exempt,0,Not in plan,0,0,6,4.010000229,82.67160797,0.166204363,63026,1,4,31/5/2025,0,0,0,1,0,0,0,,6,0,0.0,1,0.782587918966446,0,0.00071878626
662,2025-01-31,27,Finance,Corporate,Manager,"San Francisco, CA",77727,1,0.103,1,0.054499999,Full-time,2024-07-31,White,Married,Bachelor,Monthly,0,0,CC1002,1.0,Exempt,0,Not in plan,0,0,6,2.619999886,57.04042435,0.462087452,77727,1,2,31/1/2025,0,0,1,0,0,0,0,,6,0,0.0,0,0.0767195950513967,0,0.0048221806
664,2025-01-31,44,Sales,Commercial,Manager,"Seattle, WA",82561,1,0.093999997,1,0.067100003,Full-time,2024-07-31,White,Married,PhD,Monthly,0,0,CC1018,0.800000012,Non-exempt,0,Not in plan,0,0,6,1.820000052,43.22539139,0.544232249,82561,2,1,30/9/2024,0,0,0,0,4,0,0,,6,0,0.01,0,0.040948501853553,0,0.006223073
666,2025-02-28,33,Engineering,Tech,Analyst,"Seattle, WA",132375,1,0.153999999,1,0.0219,Part-time,2024-07-31,White,Single,High School,Monthly,0,0,CC1001,1.0,Non-exempt,0,Not in plan,0,0,7,3.869999886,83.00198364,0.161215171,132375,3,1,31/3/2025,0,0,0,0,0,0,0,,7,0,0.0,0,0.0197902809214407,0,0.005475887
669,2025-01-31,39,Marketing,Commercial,Senior Analyst,"New York, NY",72473,0,0.0,1,0.060199998,Full-time,2024-07-31,Hispanic,Married,Associate,Monthly,0,0,CC1014,0.800000012,Exempt,0,Not in plan,0,0,6,2.200000048,41.49727249,0.589400351,72473,0,2,,1,0,0,0,99999,0,0,,6,0,0.0,0,0.3188361498136333,0,0.034075696
671,2025-03-31,40,Customer Success,Commercial,Senior Manager,"Austin, TX",77631,0,0.0,1,0.061099999,Full-time,2024-07-31,White,Single,Bachelor,Monthly,0,0,CC1012,1.0,Non-exempt,0,Not in plan,0,0,8,2.24000001,44.0221138,0.563379526,77631,2,1,31/12/2024,0,0,0,0,3,0,0,,8,0,0.0,0,0.0100078742621727,0,0.00644195
672,2025-01-31,29,Sales,Commercial,VP,Remote,84442,1,0.101000004,1,0.018200001,Full-time,2024-08-31,Hispanic,Single,Associate,Monthly,0,0,CC1016,1.0,Non-exempt,0,Not in plan,0,0,5,4.289999962,89.98397827,0.096993282,84442,1,1,31/7/2025,0,0,0,0,0,0,0,,5,0,0.02,0,0.1476441627968839,0,0.029379383
673,2025-02-28,25,Sales,Commercial,Senior Manager,Remote,89604,0,0.0,1,0.015900001,Full-time,2024-08-31,White,Married,Bachelor,Monthly,0,0,CC1015,1.0,Non-exempt,0,Not in plan,0,0,6,2.470000029,57.63178635,0.426423013,89604,0,1,,0,0,0,0,99999,0,0,,6,0,0.01,0,0.0111362457931497,0,0.006614885
674,2025-03-31,27,Engineering,Tech,Analyst,"New York, NY",124423,0,0.0,1,0.073600002,Full-time,2024-08-31,White,Married,Bachelor,Monthly,0,0,CC1019,0.800000012,Exempt,0,Not in plan,0,0,7,3.319999933,69.93812561,0.327798694,124423,2,3,30/4/2025,1,0,0,1,0,0,0,,7,0,0.01,0,0.0124047619595927,0,0.03733838
675,2025-02-28,38,Marketing,Commercial,Director,"San Francisco, CA",88377,0,0.0,1,0.081600003,Full-time,2024-08-31,White,Single,PhD,Monthly,0,0,CC1018,1.0,Exempt,0,Not in plan,0,0,6,3.069999933,60.99064636,0.414178878,88377,1,2,31/7/2025,0,1,0,0,0,0,0,,6,0,0.01,0,0.1095072071122316,0,0.009018838
677,2025-03-31,22,Finance,Corporate,Senior Director,Remote,102597,0,0.0,0,0.0,Full-time,2024-08-31,Black,Married,Bachelor,Monthly,0,0,CC1015,0.800000012,Exempt,0,Not in plan,0,0,7,2.180000067,47.62059402,0.56395185,102597,0,2,,0,0,0,0,99999,0,0,,7,0,0.02,0,0.0054167257038376,0,0.00030550268
679,2025-02-28,35,Engineering,Tech,Senior Manager,"Seattle, WA",107630,0,0.0,0,0.0,Full-time,2024-08-31,Asian,Single,Bachelor,Monthly,0,0,CC1019,0.800000012,Exempt,1,In plan,0,0,6,3.630000114,75.99932861,0.243377447,107630,1,2,31/5/2025,0,0,0,0,0,0,0,,6,0,0.02,0,0.000201240916737,0,0.011880188
681,2025-03-31,41,Engineering,Tech,Director,Remote,123792,0,0.0,1,0.069200002,Full-time,2024-08-31,White,Single,Bachelor,Monthly,1,0,CC1011,1.0,Non-exempt,0,Not in plan,0,0,7,2.900000095,57.47169495,0.44952026,123792,1,1,30/6/2025,0,0,0,0,0,0,0,,7,0,0.01,0,0.1867450584043722,0,0.01242437
687,2025-03-31,30,Sales,Commercial,Senior Director,"Seattle, WA",107273,1,0.079000004,1,0.091300003,Contractor,2024-09-30,White,Married,Bachelor,Monthly,0,0,CC1004,1.0,Non-exempt,0,Not in plan,0,0,6,3.119999886,68.81671143,0.328249931,107273,0,1,,0,1,0,0,99999,0,0,,6,0,0.03,0,0.0897612364213106,0,0.0032215426
690,2025-02-28,26,Sales,Commercial,Analyst,"San Francisco, CA",98943,1,0.141000003,1,0.0524,Full-time,2024-09-30,White,Single,Master,Monthly,0,0,CC1017,1.0,Exempt,0,Not in plan,0,0,5,3.289999962,68.60674286,0.301055729,98943,2,3,30/5/2025,0,0,0,0,0,0,0,,5,0,0.0,0,0.0210455937807596,0,0.023637995
694,2025-01-31,34,HR,Corporate,VP,"New York, NY",80066,0,0.0,1,0.054000001,Full-time,2024-09-30,White,Single,Bachelor,Monthly,0,0,CC1015,1.0,Non-exempt,0,Not in plan,0,0,4,3.230000019,59.42293167,0.367222309,80066,2,1,28/2/2025,0,0,0,0,0,0,0,,4,0,0.0,0,0.0025501128408137,0,0.0005635526
695,2025-01-31,44,Sales,Commercial,Senior Manager,"Seattle, WA",73106,0,0.0,1,0.061299998,Full-time,2024-09-30,Asian,Divorced,Associate,Monthly,0,1,CC1014,1.0,Non-exempt,0,Not in plan,0,0,4,2.680000067,51.69254684,0.463799566,73106,2,1,30/7/2025,0,0,0,0,0,0,0,,4,0,0.0,0,0.014681210517262,0,0.0013172796
698,2025-03-31,46,Finance,Corporate,Analyst,"Austin, TX",91797,0,0.0,1,0.0535,Part-time,2024-10-31,White,Married,Bachelor,Monthly,0,0,CC1018,1.0,Exempt,0,Not in plan,0,0,5,3.059999943,59.6167717,0.391364396,91797,1,2,28/2/2025,0,1,0,1,1,0,0,,5,0,0.05,0,0.0117500949012224,0,0.0016313904
700,2025-03-31,22,Sales,Commercial,Analyst,Remote,87352,0,0.0,1,0.0449,Full-time,2024-10-31,Asian,Single,PhD,Monthly,0,0,CC1012,0.5,Exempt,0,Not in plan,0,0,5,4.150000095,76.68310547,0.233247519,87352,1,2,31/1/2025,0,0,0,0,2,0,0,,5,0,0.07,0,0.0476370889253463,0,0.013574646
702,2025-02-28,37,Product,Tech,Analyst,"Austin, TX",96415,0,0.0,1,0.043000001,Full-time,2024-10-31,White,Married,Bachelor,Monthly,0,0,CC1007,1.0,Exempt,0,Not in plan,0,0,4,1.870000005,50.01237488,0.504572749,96415,1,2,30/6/2025,0,0,0,0,0,0,0,,4,0,0.0,0,0.0553339554874285,0,0.00052461633
703,2025-03-31,32,Engineering,Tech,Analyst,"Seattle, WA",126884,1,0.097000003,1,0.0704,Full-time,2024-10-31,White,Married,Bachelor,Monthly,0,0,CC1003,1.0,Exempt,0,Not in plan,0,0,5,2.200000048,49.243927,0.53150332,126884,0,4,,0,0,0,0,99999,0,0,,5,0,0.04,1,0.5605299481025419,0,0.022713182
705,2025-03-31,33,HR,Corporate,Analyst,"New York, NY",67583,0,0.0,1,0.059500001,Full-time,2024-10-31,Black,Single,Associate,Monthly,0,0,CC1012,1.0,Non-exempt,0,Not in plan,1,0,5,2.589999914,53.76419449,0.458728045,67583,0,1,,0,0,0,0,99999,0,0,,5,0,0.06,0,0.2507046177091186,0,0.0033402704
707,2025-02-28,28,Engineering,Tech,Manager,"San Francisco, CA",134422,1,0.150999993,1,0.084799998,Full-time,2024-10-31,Hispanic,Single,Master,Monthly,0,0,CC1000,1.0,Non-exempt,0,Not in plan,0,0,4,3.24000001,64.4076767,0.373196065,134422,0,1,,0,0,0,0,99999,0,0,,4,0,0.0,0,0.4551232829899869,0,0.00049277104
710,2025-02-28,41,Sales,Commercial,Director,"New York, NY",84416,1,0.096000001,1,0.0255,Full-time,2024-10-31,White,Married,Bachelor,Monthly,0,0,CC1016,0.5,Non-exempt,0,Not in plan,0,0,4,2.549999952,49.32299423,0.51575613,84416,1,1,30/6/2025,1,0,0,0,0,0,0,,4,0,0.0,0,0.1305935782283071,0,0.0014100174
714,2025-03-31,39,Finance,Corporate,Senior Manager,"New York, NY",93462,0,0.0,1,0.043699998,Full-time,2024-11-30,Hispanic,Divorced,Master,Monthly,1,0,CC1017,1.0,Exempt,0,Not in plan,0,0,4,3.430000067,71.56433868,0.328487813,93462,2,3,30/7/2025,0,0,0,0,0,0,0,,4,0,0.01,0,0.0726249503065791,0,0.009574291
715,2025-01-31,28,Sales,Commercial,Director,Remote,93967,1,0.054000001,1,0.081699997,Full-time,2024-11-30,Hispanic,Divorced,Bachelor,Monthly,0,0,CC1019,0.800000012,Exempt,0,Not in plan,0,0,2,2.279999971,38.41272736,0.637727737,93967,1,2,30/1/2025,0,0,0,1,0,0,0,,2,0,0.0,0,0.035775589183511,0,0.00014970188
717,2025-01-31,35,Sales,Commercial,Director,"Seattle, WA",90517,1,0.143999994,1,0.059300002,Full-time,2024-11-30,Hispanic,Married,Bachelor,Monthly,0,0,CC1010,0.800000012,Non-exempt,0,Not in plan,0,0,2,2.730000019,47.51541519,0.550294757,90517,1,1,30/8/2025,0,0,1,0,0,0,0,,2,0,0.0,0,0.1239706709006759,0,5.233071e-05
718,2025-02-28,33,Support,Tech,Senior Analyst,"Austin, TX",66506,1,0.056000002,0,0.0,Full-time,2024-11-30,Asian,Divorced,Bachelor,Monthly,0,0,CC1007,1.0,Non-exempt,0,Not in plan,0,0,3,2.5,46.11040878,0.53510195,66506,0,1,,1,0,0,0,99999,0,0,,3,0,0.0,0,0.1104174537866797,0,0.0011258782
719,2025-02-28,22,Product,Tech,VP,"New York, NY",94507,0,0.0,1,0.0416,Contractor,2024-11-30,White,Single,PhD,Monthly,0,0,CC1015,1.0,Non-exempt,0,Not in plan,0,0,3,1.929999948,35.65822983,0.649602294,94507,0,1,,0,0,0,0,99999,0,0,,3,0,0.0,0,0.0317039607039848,0,1.2756792e-05
72,2025-01-31,25,Engineering,Tech,Senior Director,"San Francisco, CA",113970,0,0.0,1,0.090599999,Full-time,2020-02-29,Hispanic,Married,Associate,Monthly,0,0,CC1015,0.800000012,Exempt,0,Not in plan,0,0,59,4.309999943,87.76959229,0.170558691,123205,0,2,,2,0,0,0,99999,0,0,,59,0,0.0,0,0.210564219130442,0,0.002691795
721,2025-01-31,38,Support,Tech,Senior Manager,"Seattle, WA",70343,0,0.0,1,0.039799999,Full-time,2024-11-30,White,Single,Bachelor,Monthly,0,1,CC1014,1.0,Non-exempt,0,Not in plan,0,0,2,2.269999981,45.78936386,0.53679961,70343,1,1,30/4/2025,0,0,0,0,0,0,0,,2,0,0.0,0,0.0812856700568672,0,0.0001260485
722,2025-01-31,37,Finance,Corporate,VP,"Austin, TX",73671,1,0.175999999,1,0.023700001,Full-time,2024-11-30,Hispanic,Married,Bachelor,Monthly,0,0,CC1018,1.0,Exempt,0,Not in plan,0,0,2,2.480000019,53.88034821,0.475958556,73671,4,2,30/9/2025,1,0,0,0,0,0,0,,2,0,0.0,0,0.0254081151072815,0,2.4130944e-05
723,2025-03-31,25,Product,Tech,Senior Director,"Seattle, WA",103356,0,0.0,1,0.048999999,Full-time,2024-11-30,Hispanic,Married,Bachelor,Monthly,0,0,CC1019,1.0,Exempt,1,In plan,0,0,4,3.130000114,66.97073364,0.345568627,103356,0,3,,1,0,1,0,99999,0,0,,4,0,0.0,0,6.159075478002877e-05,0,0.00025408735
726,2025-03-31,33,Marketing,Commercial,Senior Manager,"Seattle, WA",78526,0,0.0,1,0.039999999,Contractor,2024-12-31,Hispanic,Married,Master,Monthly,0,0,CC1019,1.0,Exempt,0,Not in plan,1,0,3,3.269999981,59.53902817,0.405128211,78526,1,3,31/5/2025,0,0,0,0,0,0,0,,3,0,0.02,0,0.0882860451921075,0,0.00088811497
728,2025-02-28,31,Sales,Commercial,Manager,Remote,93130,1,0.071999997,0,0.0,Contractor,2024-12-31,Asian,Married,Master,Monthly,0,0,CC1009,1.0,Non-exempt,0,Not in plan,0,0,2,3.720000029,81.75901794,0.226464108,93130,0,1,,0,0,0,0,99999,0,0,,1,0,0.0,0,0.0663061484153604,0,0.00050801825
73,2025-02-28,22,Engineering,Tech,Senior Manager,"San Francisco, CA",131691,1,0.182999998,1,0.035700001,Full-time,2020-09-30,White,Married,Master,Monthly,0,0,CC1007,0.800000012,Non-exempt,0,Not in plan,0,0,53,2.670000076,59.82424164,0.450636953,145819,0,1,,0,0,1,1,99999,0,0,,53,0,0.0,1,0.573550928307658,0,0.04008513
730,2025-01-31,22,Customer Success,Commercial,Director,"Austin, TX",71422,0,0.0,1,0.0458,Contractor,2024-12-31,Black,Divorced,PhD,Monthly,0,0,CC1008,1.0,Exempt,0,Not in plan,0,0,1,3.349999905,67.07159424,0.342026114,71422,1,3,31/8/2025,0,0,0,0,0,0,0,,1,0,0.0,0,0.0147053985960665,0,3.4511572e-06
732,2025-03-31,26,Finance,Corporate,Director,"New York, NY",90741,0,0.0,1,0.041499998,Full-time,2024-12-31,White,Single,Bachelor,Monthly,0,0,CC1016,1.0,Exempt,0,Not in plan,0,0,3,2.650000095,51.18228531,0.492731482,90741,1,4,31/7/2025,0,0,0,0,0,0,0,,3,0,0.01,0,0.1113553847723373,0,0.000798035
735,2025-03-31,24,Finance,Corporate,Senior Analyst,Remote,83598,0,0.0,0,0.0,Full-time,2024-12-31,White,Married,Associate,Monthly,0,0,CC1005,1.0,Exempt,0,Not in plan,1,0,3,4.090000153,74.63298035,0.238288164,83598,1,2,31/1/2025,0,0,0,0,2,0,0,,3,0,0.0,0,0.0055943894247413,0,0.0006359442
737,2025-03-31,36,Finance,Corporate,Senior Director,"New York, NY",87998,0,0.0,1,0.017200001,Full-time,2024-12-31,Asian,Married,Bachelor,Monthly,0,0,CC1004,1.0,Exempt,0,Not in plan,0,0,3,2.579999924,53.54464722,0.487926751,87998,0,3,,0,0,0,0,99999,0,0,,3,0,0.0,0,0.2238000913750003,0,0.0005426973
739,2025-01-31,34,Marketing,Commercial,Senior Director,Remote,69314,0,0.0,0,0.0,Full-time,2024-12-31,White,Single,Bachelor,Monthly,0,1,CC1000,1.0,Non-exempt,1,In plan,0,0,1,2.910000086,62.97796631,0.4240731,69314,4,1,30/6/2025,0,0,0,0,0,0,0,,1,0,0.01,0,1.7600305941046695e-07,0,2.4813132e-06
740,2025-02-28,22,Marketing,Commercial,Senior Analyst,"New York, NY",74646,0,0.0,1,0.074900001,Full-time,2024-12-31,Hispanic,Widowed,Bachelor,Monthly,0,0,CC1019,1.0,Exempt,0,Not in plan,0,0,2,2.150000095,38.98796844,0.614141226,74646,1,2,31/3/2025,0,0,0,1,0,0,0,,1,0,0.0,0,0.0610951813323937,0,2.098636e-05
741,2025-02-28,33,Sales,Commercial,Senior Manager,"Austin, TX",92932,1,0.119000003,1,0.041900001,Full-time,2025-01-31,Other,Married,Bachelor,Monthly,0,0,CC1018,1.0,Exempt,0,Not in plan,0,0,1,3.269999981,58.8164444,0.421595067,92932,2,3,31/5/2025,0,0,0,0,0,0,0,,0,0,0.01,0,0.1389064364917356,0,5.0541516e-05
742,2025-01-31,37,Engineering,Tech,Senior Director,"New York, NY",123625,1,0.145999998,1,0.066399999,Full-time,2025-01-31,White,Single,Associate,Monthly,0,0,CC1017,0.5,Non-exempt,0,Not in plan,0,0,0,3.420000076,63.67430496,0.334217072,123625,0,1,,0,0,0,0,99999,0,0,,0,0,0.01,0,0.1498637396252926,0,5.3316493e-05
746,2025-01-31,31,Operations,Corporate,Analyst,"New York, NY",66567,0,0.0,1,0.054499999,Full-time,2025-01-31,White,Single,Bachelor,Monthly,0,0,CC1006,0.800000012,Exempt,0,Not in plan,0,0,0,2.539999962,51.8119545,0.49125579,66567,2,3,30/9/2025,0,0,0,0,0,0,0,,0,0,0.0,0,0.0043702042631902,0,2.7027618e-05
750,2025-01-31,35,Engineering,Tech,Director,"New York, NY",133711,0,0.0,1,0.059099998,Full-time,2025-01-31,Black,Single,Master,Monthly,0,0,CC1006,1.0,Non-exempt,0,Not in plan,0,0,0,3.00999999,63.36026764,0.364277482,133711,0,1,,0,0,0,0,99999,0,0,,0,0,0.0,0,0.0653868855285408,0,1.1061021e-05
755,2025-02-28,25,Engineering,Tech,Manager,"San Francisco, CA",114757,1,0.108000003,1,0.049600001,Full-time,2025-01-31,White,Single,Associate,Monthly,0,0,CC1006,0.800000012,Exempt,0,Not in plan,0,0,1,2.799999952,52.91025543,0.486282885,114757,1,3,30/11/2025,0,0,0,0,0,0,0,,0,0,0.0,0,0.0133889958291914,0,1.9114694e-05
756,2025-03-31,22,Engineering,Tech,Manager,"San Francisco, CA",100253,0,0.0,1,0.082099997,Full-time,2025-01-31,Other,Married,Bachelor,Monthly,0,0,CC1019,0.5,Exempt,0,Not in plan,0,0,2,2.74000001,53.94895554,0.421775758,100253,1,4,30/9/2025,0,0,0,0,0,0,0,,1,0,0.01,0,0.0082452166392014,0,1.0829895e-05
757,2025-01-31,24,Sales,Commercial,Senior Analyst,"Austin, TX",92991,1,0.075000003,1,0.066799998,Full-time,2025-01-31,Asian,Single,Master,Monthly,0,0,CC1008,1.0,Exempt,0,Not in plan,0,0,0,3.049999952,54.06934738,0.443727762,92991,0,2,,0,0,0,0,99999,0,0,,0,0,0.0,0,0.0034566602530788,0,4.3630145e-05
758,2025-03-31,25,Support,Tech,Analyst,"Seattle, WA",67861,0,0.0,1,0.076399997,Full-time,2025-01-31,White,Single,Master,Monthly,0,0,CC1019,1.0,Exempt,0,Not in plan,0,0,2,2.579999924,49.02729416,0.499245912,67861,1,2,31/8/2025,0,0,0,0,0,0,0,,1,0,0.0,0,0.0107494524104232,0,9.109215e-05
759,2025-02-28,27,Engineering,Tech,Director,"San Francisco, CA",122003,1,0.085000001,1,0.074299999,Full-time,2025-01-31,White,Married,Bachelor,Monthly,0,0,CC1005,1.0,Exempt,0,Not in plan,0,0,1,2.339999914,42.33740997,0.52092427,122003,0,5,,0,0,0,0,99999,0,0,,0,0,0.0,0,0.4586176116179808,0,0.00012844225
764,2025-03-31,23,Finance,Corporate,Senior Analyst,Remote,89320,0,0.0,1,0.0638,Full-time,2025-02-28,Asian,Married,Bachelor,Monthly,1,0,CC1015,1.0,Non-exempt,0,Not in plan,0,0,1,2.880000114,62.59391022,0.449896425,89320,0,1,,0,0,0,0,99999,0,0,,1,0,0.01,0,0.0100750267357804,0,3.087837e-05
765,2025-02-28,31,Engineering,Tech,Senior Director,Remote,133169,0,0.0,1,0.098499998,Full-time,2025-02-28,White,Single,Associate,Monthly,0,0,CC1006,1.0,Non-exempt,0,Not in plan,0,0,0,3.289999962,68.09430695,0.329850286,133169,1,1,28/6/2025,0,0,0,0,0,0,0,,0,0,0.0,0,0.0189523193779152,0,1.2305307e-05
773,2025-03-31,34,Sales,Commercial,Analyst,"San Francisco, CA",80369,1,0.059,1,0.048900001,Full-time,2025-03-31,White,Married,Master,Monthly,0,0,CC1018,1.0,Exempt,1,In plan,0,0,0,3.839999914,79.70870972,0.194038838,80369,0,2,,0,0,0,0,99999,0,0,,0,0,0.0,0,3.538222421102948e-05,0,4.7305916e-06
775,2025-03-31,32,Sales,Commercial,Senior Manager,"Austin, TX",88173,1,0.128000006,0,0.0,Full-time,2025-03-31,White,Single,PhD,Monthly,0,0,CC1010,1.0,Exempt,0,Not in plan,0,0,0,3.559999943,69.88117218,0.284390181,88173,2,2,30/6/2025,0,0,0,0,0,0,0,,0,0,0.0,0,0.0014865885046237,0,0.00015619028
776,2025-03-31,32,Sales,Commercial,VP,"San Francisco, CA",95998,1,0.188999996,0,0.0,Full-time,2025-03-31,Black,Single,Bachelor,Monthly,0,0,CC1001,1.0,Exempt,0,Not in plan,0,0,0,3.440000057,58.81961823,0.41768235,95998,1,3,30/11/2025,0,0,0,0,0,0,0,,0,0,0.0,0,0.0476565149894206,0,6.454824e-05
777,2025-03-31,29,Operations,Corporate,Director,"New York, NY",70225,0,0.0,1,0.076499999,Contractor,2025-03-31,Hispanic,Married,Bachelor,Monthly,0,1,CC1013,1.0,Exempt,0,Not in plan,0,0,0,2.319999933,47.02090454,0.513124943,70225,1,3,30/9/2025,0,0,0,0,0,0,0,,0,0,0.05,0,0.0722091747332638,0,2.8266728e-05
779,2025-03-31,30,Sales,Commercial,Manager,Remote,97293,1,0.165000007,1,0.048300002,Full-time,2025-03-31,Other,Single,Associate,Monthly,0,0,CC1015,1.0,Exempt,0,Not in plan,0,0,0,2.730000019,56.59508133,0.367425114,97293,2,3,31/8/2025,0,0,0,0,0,0,0,,0,0,0.01,0,0.0002651777143019,0,9.139162e-05
780,2025-03-31,41,Engineering,Tech,Senior Manager,"Seattle, WA",106718,0,0.0,1,0.055599999,Full-time,2025-03-31,White,Single,Bachelor,Monthly,0,0,CC1009,1.0,Non-exempt,0,Not in plan,0,0,0,2.609999895,51.31143951,0.505150795,106718,1,1,30/9/2025,0,0,0,0,0,0,0,,0,0,0.0,0,0.2585540749153115,0,0.0005304999
791,2025-03-31,22,Engineering,Tech,Manager,Remote,134121,0,0.0,1,0.063900001,Full-time,2025-03-31,Black,Married,Associate,Monthly,0,0,CC1003,0.5,Exempt,0,Not in plan,0,0,0,3.440000057,67.16309357,0.357699364,134121,1,4,31/10/2025,0,0,0,0,0,0,0,,0,0,0.02,0,0.0470844573579504,0,2.3295572e-05
793,2025-03-31,27,Sales,Commercial,Director,"Austin, TX",88505,0,0.0,1,0.095700003,Full-time,2025-03-31,Black,Married,Associate,Monthly,0,0,CC1013,1.0,Exempt,0,Not in plan,0,0,0,2.430000067,50.0973587,0.458349496,88505,0,3,,0,0,0,0,99999,0,0,,0,0,0.02,0,0.222784834956421,0,1.689821e-05
80,2025-02-28,32,Product,Tech,Senior Director,"Seattle, WA",120193,0,0.0,1,0.068899997,Full-time,2020-02-29,White,Married,PhD,Monthly,0,0,CC1008,1.0,Exempt,0,Not in plan,0,0,60,4.010000229,77.51836395,0.232717127,135039,0,3,,0,0,0,1,99999,0,0,,60,0,0.0,1,0.7904806424481994,0,0.0024463907
83,2025-02-28,30,Support,Tech,Senior Analyst,"Austin, TX",73326,0,0.0,1,0.065200001,Full-time,2020-09-30,White,Single,Bachelor,Monthly,0,1,CC1007,0.800000012,Exempt,0,Not in plan,0,0,53,2.410000086,45.16187286,0.535864353,86286,1,2,30/3/2021,0,0,0,1,47,0,0,,53,0,0.0,0,0.0294896229251235,0,0.007348188
9,2025-03-31,43,Customer Success,Commercial,Senior Manager,"Austin, TX",64858,0,0.0,1,0.063100003,Contractor,2021-04-30,White,Divorced,Bachelor,Monthly,0,0,CC1014,1.0,Non-exempt,0,Not in plan,0,0,47,3.099999905,63.25953293,0.347032756,73750,0,1,,0,0,0,0,99999,0,0,,47,0,0.01,1,0.5971051904133468,0,0.072525054
90,2025-02-28,36,Sales,Commercial,Senior Director,"New York, NY",89821,1,0.120999999,1,0.022600001,Full-time,2020-05-30,Other,Single,Bachelor,Monthly,0,0,CC1012,1.0,Exempt,0,Not in plan,0,0,57,1.409999967,23.78043747,0.766050577,102176,1,2,30/1/2021,0,0,1,0,49,0,0,,57,0,0.0,1,0.8372322497089021,0,0.017533723
